CodUsina,Usina,Sistema,Empresa,Posto,Posto BDH,Jusante,Desvio,Vol.Máx.(hm3),Vol.min.(hm3),Cota Máx.(m),Cota min.(m),Vol.Vert.(hm3),Vol.Desv.(hm3),PCV(0),PCV(1),PCV(2),PCV(3),PCV(4),PAC(0),PAC(1),PAC(2),PAC(3),PAC(4),Evap.Men.(1),Evap.Men.(2),Evap.Men.(3),Evap.Men.(4),Evap.Men.(5),Evap.Men.(6),Evap.Men.(7),Evap.Men.(8),Evap.Men.(9),Evap.Men.(10),Evap.Men.(11),Evap.Men.(12),Prod.Esp.(MW/m3/s/m),Canal Fuga Médio(m),TEIF(%),IP(%),Tipo Turbina,Num.Conj.Máq.,Num.Pols.Jus.,Fat.Carga Máx.(%),Fat.Carga mín.(%),Tipo Perdas(1=%/2=M/3=K),Valor Perdas,Vazão Mín.Hist.(m3/s),Num.Unid.Base,Infl.Vert.Canal de Fuga,Rep.Conj(0=aprox/1=det/2=simp),#Maq(1),PotEf(1),QEf(1),HEf(1),#Maq(2),PotEf(2),QEf(2),HEf(2),#Maq(3),PotEf(3),QEf(3),HEf(3),#Maq(4),PotEf(4),QEf(4),HEf(4),#Maq(5),PotEf(5),QEf(5),HEf(5),QHTA0(1),QHTA1(1),QHTA2(1),QHTA3(1),QHTA4(1),QHTA0(2),QHTA1(2),QHTA2(2),QHTA3(2),QHTA4(2),QHTA0(3),QHTA1(3),QHTA2(3),QHTA3(3),QHTA4(3),QHTA0(4),QHTA1(4),QHTA2(4),QHTA3(4),QHTA4(4),QHTA0(5),QHTA1(5),QHTA2(5),QHTA3(5),QHTA4(5),QHGA0(1),QHGA1(1),QHGA2(1),QHGA3(1),QHGA4(1),QHGA0(2),QHGA1(2),QHGA2(2),QHGA3(2),QHGA4(2),QHGA0(3),QHGA1(3),QHGA2(3),QHGA3(3),QHGA4(3),QHGA0(4),QHGA1(4),QHGA2(4),QHGA3(4),QHGA4(4),QHGA0(5),QHGA1(5),QHGA2(5),QHGA3(5),QHGA4(5),PHA0(1),PHA1(1),PHA2(1),PHA3(1),PHA4(1),PHA0(2),PHA1(2),PHA2(2),PHA3(2),PHA4(2),PHA0(3),PHA1(3),PHA2(3),PHA3(3),PHA4(3),PHA0(4),PHA1(4),PHA2(4),PHA3(4),PHA4(4),PHA0(5),PHA1(5),PHA2(5),PHA3(5),PHA4(4),PJA0(1),PJA1(1),PJA2(1),PJA3(1),PJA4(1),PJRM(1),PJA0(2),PJA1(2),PJA2(2),PJA3(2),PJA4(2),PJRM(2),PJA0(3),PJA1(3),PJA2(3),PJA3(3),PJA4(3),PJRM(3),PJA0(4),PJA1(4),PJA2(4),PJA3(4),PJA4(4),PJRM(4),PJA0(5),PJA1(5),PJA2(5),PJA3(5),PJA4(5),PJRM(5),Data,Obs,Vol.Ref.,Reg
2,ITUTINGA    ,1 - Sudeste,18 - Cemig,2,0,4 - FUNIL-GRANDE,0 - NÃO HÁ,11,11,886,886,11,11,886,0,0,0,0,2,0,0,0,0,2,5,31,40,48,44,30,24,27,19,6,8,0,858,2,3,2 - Kaplan/Propeller,3,1,100,0,1,2,24,1,No,2,2,13,57,25,1,14,63,25,1,13,59,25,0,0,0,0,0,0,0,0,0,0,0,0,0,0,0,0,0,0,0,0,0,0,0,0,0,0,0,0,0,0,0,0,0,0,0,0,0,0,0,0,0,0,0,0,0,0,0,0,0,0,0,0,0,0,0,0,0,0,0,0,0,0,0,0,0,0,0,0,0,0,0,0,0,0,0,0,0,0,0,0,0,0,0,"856,0900","0,0077","0,0000","0,0000","0,0000","0,0000","0,0000","0,0000","0,0000",0,0,0,0,0,0,0,0,0,0,0,0,0,0,0,0,0,0,0,0,0,42824,                                           ,11,D
4,FUNIL-GRANDE,1 - Sudeste,18 - Cemig,211,0,6 - FURNAS      ,0 - NÃO HÁ,304,304,808,808,304,304,808,0,0,0,0,38,0,0,0,0,6,6,31,42,48,47,33,29,33,22,10,14,0,768,"1,8300",5,2 - Kaplan/Propeller,1,1,100,0,2,1,48,2,Yes,2,3,60,195,35,0,0,0,0,0,0,0,0,0,0,0,0,0,0,0,0,0,0,0,0,0,0,0,0,0,0,0,0,0,0,0,0,0,0,0,0,0,0,0,0,0,0,0,0,0,0,0,0,0,0,0,0,0,0,0,0,0,0,0,0,0,0,0,0,0,0,0,0,0,0,0,0,0,0,0,0,0,0,0,0,0,0,0,0,0,0,0,0,0,0,0,"768,0000","0,0000","0,0000","0,0000","0,0000","0,0000","0,0000","0,0000","0,0000",0,0,0,0,0,0,0,0,0,0,0,0,0,0,0,0,0,0,0,0,0,42824,                                           ,304,D
8,ESTREITO    ,1 - Sudeste,19 - Furnas,8,0,9 - JAGUARA     ,0 - NÃO HÁ,1423,1423,623,623,1423,1423,623,0,0,0,0,47,0,0,0,0,10,5,18,38,53,52,48,43,39,15,2,21,0,558,5,7,1 - Francis,1,1,100,0,1,2,115,3,Yes,2,6,184,338,62,0,0,0,0,0,0,0,0,0,0,0,0,0,0,0,0,0,0,0,0,0,0,0,0,0,0,0,0,0,0,0,0,0,0,0,0,0,0,0,0,0,0,0,0,0,0,0,0,0,0,0,0,0,0,0,0,0,0,0,0,0,0,0,0,0,0,0,0,0,0,0,0,0,0,0,0,0,0,0,0,0,0,0,0,0,0,0,0,0,0,0,"556,7180","0,0012","0,0000","0,0000","0,0000",0,0,0,0,0,0,0,0,0,0,0,0,0,0,0,0,0,0,0,0,0,0,0,0,0,42824,                                           ,1423,D
9,JAGUARA     ,1 - Sudeste,18 - Cemig,9,0,10 - IGARAPAVA   ,0 - NÃO HÁ,450,450,559,559,450,450,559,0,0,0,0,34,0,0,0,0,8,3,20,44,56,54,46,44,44,22,5,26,0,513,1,2,1 - Francis,1,1,100,0,1,1,116,3,No,2,4,106,269,44,0,0,0,0,0,0,0,0,0,0,0,0,0,0,0,0,0,0,0,0,0,0,0,0,0,0,0,0,0,0,0,0,0,0,0,0,0,0,0,0,0,0,0,0,0,0,0,0,0,0,0,0,0,0,0,0,0,0,0,0,0,0,0,0,0,0,0,0,0,0,0,0,0,0,0,0,0,0,0,0,0,0,0,0,0,0,0,0,0,0,0,"510,0300","0,0018","0,0000","0,0000","0,0000",0,0,0,0,0,0,0,0,0,0,0,0,0,0,0,0,0,0,0,0,0,0,0,0,0,42824,                                           ,450,D
10,IGARAPAVA   ,1 - Sudeste,18 - Cemig,10,0,11 - VOLTA GRANDE,0 - NÃO HÁ,480,480,512,512,480,480,512,0,0,0,0,52,0,0,0,0,8,5,24,48,60,58,51,48,48,26,7,29,0,495,4,1,2 - Kaplan/Propeller,1,1,100,0,2,0,119,4,Yes,2,5,42,296,16,0,0,0,0,0,0,0,0,0,0,0,0,0,0,0,0,0,0,0,0,0,0,0,0,0,0,0,0,0,0,0,0,0,0,0,0,0,0,0,0,0,0,0,0,0,0,0,0,0,0,0,0,0,0,0,0,0,0,0,0,0,0,0,0,0,0,0,0,0,0,0,0,0,0,0,0,0,0,0,0,0,0,0,0,0,0,0,0,0,0,0,"494,2020","0,0008","0,0000","0,0000","0,0000",0,0,0,0,0,0,0,0,0,0,0,0,0,0,0,0,0,0,0,0,0,0,0,0,0,42824,                                           ,480,D
11,VOLTA GRANDE,1 - Sudeste,18 - Cemig,11,0,12 - P. COLOMBIA ,0 - NÃO HÁ,2244,2244,495,495,2244,2244,495,0,0,0,0,202,0,0,0,0,9,7,24,52,65,64,54,52,50,27,5,30,0,467,6,2,2 - Kaplan/Propeller,1,1,100,0,1,1,126,3,No,2,4,95,396,27,0,0,0,0,0,0,0,0,0,0,0,0,0,0,0,0,0,0,0,0,0,0,0,0,0,0,0,0,0,0,0,0,0,0,0,0,0,0,0,0,0,0,0,0,0,0,0,0,0,0,0,0,0,0,0,0,0,0,0,0,0,0,0,0,0,0,0,0,0,0,0,0,0,0,0,0,0,0,0,0,0,0,0,0,0,0,0,0,0,0,0,"466,0100","0,0009","0,0000","0,0000","0,0000",0,0,0,0,0,0,0,0,0,0,0,0,0,0,0,0,0,0,0,0,0,0,0,0,0,42824,                                           ,2244,D
12,P. COLOMBIA ,1 - Sudeste,19 - Furnas,12,0,17 - MARIMBONDO  ,0 - NÃO HÁ,1524,1524,467,467,1524,1524,467,0,0,0,0,144,0,0,0,0,9,8,27,55,67,68,57,55,52,29,6,32,0,443,2,7,2 - Kaplan/Propeller,1,1,100,0,1,2,143,3,Yes,2,4,82,497,19,0,0,0,0,0,0,0,0,0,0,0,0,0,0,0,0,0,0,0,0,0,0,0,0,0,0,0,0,0,0,0,0,0,0,0,0,0,0,0,0,0,0,0,0,0,0,0,0,0,0,0,0,0,0,0,0,0,0,0,0,0,0,0,0,0,0,0,0,0,0,0,0,0,0,0,0,0,0,0,0,0,0,0,0,0,0,0,0,0,0,0,"446,0700","0,0002","0,0000","0,0000","0,0000",0,0,0,0,0,0,0,0,0,0,0,0,0,0,0,0,0,0,0,0,0,0,0,0,0,42824,                                           ,1524,D
15,E. DA CUNHA ,1 - Sudeste,56 - ,15,0,16 - A.S.OLIVEIRA,0 - NÃO HÁ,14,14,665,665,14,14,665,0,0,0,0,1,0,0,0,0,22,11,25,42,58,52,47,43,41,15,7,24,0,574,0,4,1 - Francis,1,1,100,0,1,2,12,2,Yes,2,4,27,37,88,0,0,0,0,0,0,0,0,0,0,0,0,0,0,0,0,0,0,0,0,0,0,0,0,0,0,0,0,0,0,0,0,0,0,0,0,0,0,0,0,0,0,0,0,0,0,0,0,0,0,0,0,0,0,0,0,0,0,0,0,0,0,0,0,0,0,0,0,0,0,0,0,0,0,0,0,0,0,0,0,0,0,0,0,0,0,0,0,0,0,0,"572,2990","0,0646","-0,0002","0,0000","0,0000",0,0,0,0,0,0,0,0,0,0,0,0,0,0,0,0,0,0,0,0,0,0,0,0,0,42824,                                           ,14,D
16,A.S.OLIVEIRA,1 - Sudeste,56 - ,16,0,17 - MARIMBONDO  ,0 - NÃO HÁ,25,25,573,573,25,25,573,0,0,0,0,3,0,0,0,0,22,11,24,45,60,54,46,42,42,21,4,24,0,548,1,11,2 - Kaplan/Propeller,1,1,100,0,1,1,12,1,Yes,2,2,16,89,22,0,0,0,0,0,0,0,0,0,0,0,0,0,0,0,0,0,0,0,0,0,0,0,0,0,0,0,0,0,0,0,0,0,0,0,0,0,0,0,0,0,0,0,0,0,0,0,0,0,0,0,0,0,0,0,0,0,0,0,0,0,0,0,0,0,0,0,0,0,0,0,0,0,0,0,0,0,0,0,0,0,0,0,0,0,0,0,0,0,0,0,"545,3560","0,0166","0,0000","0,0000","0,0000",0,0,0,0,0,0,0,0,0,0,0,0,0,0,0,0,0,0,0,0,0,0,0,0,0,42824,                                           ,25,D
28,CAPIM BRANC2,1 - Sudeste,18 - Cemig,28,0,31 - ITUMBIARA   ,0 - NÃO HÁ,879,878,565,565,878,878,527,0,0,0,0,1069820,-7786,21,0,0,2,0,18,40,55,56,53,49,50,19,4,23,0,518,1,4,1 - Francis,1,1,100,0,2,1,42,2,Yes,2,3,70,179,44,0,0,0,0,0,0,0,0,0,0,0,0,0,0,0,0,0,0,0,0,0,0,0,0,0,0,0,0,0,0,0,0,0,0,0,0,0,0,0,0,0,0,0,0,0,0,0,0,0,0,0,0,0,0,0,0,0,0,0,0,0,0,0,0,0,0,0,0,0,0,0,0,0,0,0,0,0,0,0,0,0,0,0,0,0,0,0,0,0,0,0,517,0,0,0,0,0,0,0,0,0,0,0,0,0,0,0,0,0,0,0,0,0,0,0,0,0,0,0,0,0,42824,                                           ,879,D
32,CACH.DOURADA,1 - Sudeste,41 - ,32,0,33 - SAO SIMAO   ,0 - NÃO HÁ,460,460,434,434,460,460,434,0,0,0,0,69,0,0,0,0,11,5,24,44,59,63,61,62,65,27,11,30,0,401,1,6,2 - Kaplan/Propeller,4,1,100,0,1,2,254,8,Yes,2,2,17,65,30,3,54,206,30,3,84,321,30,2,105,401,30,0,0,0,0,0,0,0,0,0,0,0,0,0,0,0,0,0,0,0,0,0,0,0,0,0,0,0,0,0,0,0,0,0,0,0,0,0,0,0,0,0,0,0,0,0,0,0,0,0,0,0,0,0,0,0,0,0,0,0,0,0,0,0,0,0,0,0,0,0,0,0,0,0,0,0,0,0,0,0,399,0,0,0,0,0,0,0,0,0,0,0,0,0,0,0,0,0,0,0,0,0,0,0,0,0,0,0,0,0,42824,                                           ,460,D
38,A.S. LIMA   ,1 - Sudeste,56 - ,238,0,39 - IBITINGA    ,0 - NÃO HÁ,544,544,428,428,544,544,428,0,0,0,0,63,0,0,0,0,21,16,38,64,74,67,53,47,46,21,2,30,0,405,0,10,2 - Kaplan/Propeller,1,1,100,0,1,1,103,2,Yes,2,3,48,257,22,0,0,0,0,0,0,0,0,0,0,0,0,0,0,0,0,0,0,0,0,0,0,0,0,0,0,0,0,0,0,0,0,0,0,0,0,0,0,0,0,0,0,0,0,0,0,0,0,0,0,0,0,0,0,0,0,0,0,0,0,0,0,0,0,0,0,0,0,0,0,0,0,0,0,0,0,0,0,0,0,0,0,0,0,0,0,0,0,0,0,0,404,0,0,0,0,0,0,0,0,0,0,0,0,0,0,0,0,0,0,0,0,0,0,0,0,0,0,0,0,0,42824,                                           ,544,D
39,IBITINGA    ,1 - Sudeste,56 - ,239,0,40 - PROMISSAO   ,0 - NÃO HÁ,985,985,404,404,985,985,404,0,0,0,0,115,0,0,0,0,19,16,37,63,75,69,55,50,49,23,3,31,0,383,1,5,2 - Kaplan/Propeller,1,1,100,0,1,1,128,2,Yes,2,3,44,234,21,0,0,0,0,0,0,0,0,0,0,0,0,0,0,0,0,0,0,0,0,0,0,0,0,0,0,0,0,0,0,0,0,0,0,0,0,0,0,0,0,0,0,0,0,0,0,0,0,0,0,0,0,0,0,0,0,0,0,0,0,0,0,0,0,0,0,0,0,0,0,0,0,0,0,0,0,0,0,0,0,0,0,0,0,0,0,0,0,0,0,0,379,0,0,0,0,0,0,0,0,0,0,0,0,0,0,0,0,0,0,0,0,0,0,0,0,0,0,0,0,0,42824,                                           ,985,D
42,NAVANHANDAVA,1 - Sudeste,56 - ,242,0,43 - TRES IRMAOS ,0 - NÃO HÁ,2720,2720,358,358,2720,2720,358,0,0,0,0,212,0,0,0,0,16,20,37,60,77,73,60,56,53,21,4,28,0,328,1,10,2 - Kaplan/Propeller,1,1,100,0,1,2,153,2,Yes,2,3,116,477,28,0,0,0,0,0,0,0,0,0,0,0,0,0,0,0,0,0,0,0,0,0,0,0,0,0,0,0,0,0,0,0,0,0,0,0,0,0,0,0,0,0,0,0,0,0,0,0,0,0,0,0,0,0,0,0,0,0,0,0,0,0,0,0,0,0,0,0,0,0,0,0,0,0,0,0,0,0,0,0,0,0,0,0,0,0,0,0,0,0,0,0,323,0,0,0,0,0,0,0,0,0,0,0,0,0,0,0,0,0,0,0,0,0,0,0,0,0,0,0,0,0,42824,                                           ,2720,D
45,JUPIA       ,1 - Sudeste,16 - CESP,245,0,46 - P. PRIMAVERA,0 - NÃO HÁ,3354,3354,280,280,3354,3354,280,0,0,0,0,327,0,0,0,0,18,27,42,58,79,71,60,60,58,14,8,28,0,258,2,6,2 - Kaplan/Propeller,1,1,100,0,1,1,1649,9,Yes,2,14,111,596,21,0,0,0,0,0,0,0,0,0,0,0,0,0,0,0,0,0,0,0,0,0,0,0,0,0,0,0,0,0,0,0,0,0,0,0,0,0,0,0,0,0,0,0,0,0,0,0,0,0,0,0,0,0,0,0,0,0,0,0,0,0,0,0,0,0,0,0,0,0,0,0,0,0,0,0,0,0,0,0,0,0,0,0,0,0,0,0,0,0,0,0,253,0,0,0,0,0,0,0,0,0,0,0,0,0,0,0,0,0,0,0,0,0,0,0,0,0,0,0,0,0,42824,                                           ,3354,D
46,P. PRIMAVERA,1 - Sudeste,16 - CESP,246,0,66 - ITAIPU      ,0 - NÃO HÁ,14400,14400,257,257,14400,14400,"239,170000","0,002497","0,000000","0,000000","0,000000","-48569,000000","279,489990","-0,323180","0,000000","0,000000",9,18,27,37,68,63,43,37,38,-14,-13,10,0,238,0,6,2 - Kaplan/Propeller,1,1,100,0,2,0,1881,11,No,2,14,110,636,19,0,0,0,0,0,0,0,0,0,0,0,0,0,0,0,0,0,0,0,0,0,0,0,0,0,0,0,0,0,0,0,0,0,0,0,0,0,0,0,0,0,0,0,0,0,0,0,0,0,0,0,0,0,0,0,0,0,0,0,0,0,0,0,0,0,0,0,0,0,0,0,0,0,0,0,0,0,0,0,0,0,0,0,0,0,0,0,0,0,0,0,"234,49800","0,00071","-0,00000002524350","0,00000000000046","0,00000000000000",0,0,0,0,0,0,0,0,0,0,0,0,0,0,0,0,0,0,0,0,0,0,0,0,0,42824,                                           ,14400,D
48,PIRAJU      ,1 - Sudeste,65 -          _x000C_FUNIL-GRA,48,0,49 - CHAVANTES   ,0 - NÃO HÁ,84,84,532,532,84,84,532,0,0,0,0,13,0,0,0,0,30,23,44,64,73,61,46,40,38,16,4,39,0,505,1,3,2 - Kaplan/Propeller,1,1,100,0,2,1,56,2,Yes,2,2,40,181,25,0,0,0,0,0,0,0,0,0,0,0,0,0,0,0,0,0,0,0,0,0,0,0,0,0,0,0,0,0,0,0,0,0,0,0,0,0,0,0,0,0,0,0,0,0,0,0,0,0,0,0,0,0,0,0,0,0,0,0,0,0,0,0,0,0,0,0,0,0,0,0,0,0,0,0,0,0,0,0,0,0,0,0,0,0,0,0,0,0,0,0,504,0,0,0,0,0,0,0,0,0,0,0,0,0,0,0,0,0,0,0,0,0,0,0,0,0,0,0,0,0,42824,                                           ,84,D
50,L.N. GARCEZ ,1 - Sudeste,55 - ,50,0,51 - CANOAS II   ,0 - NÃO HÁ,45,45,385,385,45,45,385,0,0,0,0,12,0,0,0,0,28,22,40,54,59,49,40,43,51,25,18,39,0,367,0,4,2 - Kaplan/Propeller,1,1,100,0,1,1,96,3,Yes,2,4,19,145,15,0,0,0,0,0,0,0,0,0,0,0,0,0,0,0,0,0,0,0,0,0,0,0,0,0,0,0,0,0,0,0,0,0,0,0,0,0,0,0,0,0,0,0,0,0,0,0,0,0,0,0,0,0,0,0,0,0,0,0,0,0,0,0,0,0,0,0,0,0,0,0,0,0,0,0,0,0,0,0,0,0,0,0,0,0,0,0,0,0,0,0,366,0,0,0,0,0,0,0,0,0,0,0,0,0,0,0,0,0,0,0,0,0,0,0,0,0,0,0,0,0,42824,                                           ,45,D
51,CANOAS II   ,1 - Sudeste,55 - ,51,0,52 - CANOAS I    ,0 - NÃO HÁ,151,151,366,366,151,151,366,0,0,0,0,24,0,0,0,0,26,22,41,58,68,56,44,41,46,15,7,32,0,351,0,4,2 - Kaplan/Propeller,1,1,100,0,2,0,96,2,Yes,2,3,24,187,15,0,0,0,0,0,0,0,0,0,0,0,0,0,0,0,0,0,0,0,0,0,0,0,0,0,0,0,0,0,0,0,0,0,0,0,0,0,0,0,0,0,0,0,0,0,0,0,0,0,0,0,0,0,0,0,0,0,0,0,0,0,0,0,0,0,0,0,0,0,0,0,0,0,0,0,0,0,0,0,0,0,0,0,0,0,0,0,0,0,0,0,351,0,0,0,0,0,0,0,0,0,0,0,0,0,0,0,0,0,0,0,0,0,0,0,0,0,0,0,0,0,42824,                                           ,151,D
52,CANOAS I    ,1 - Sudeste,55 - ,52,0,61 - CAPIVARA    ,0 - NÃO HÁ,212,212,351,351,212,212,351,0,0,0,0,29,0,0,0,0,22,22,41,59,71,61,45,40,44,11,2,27,0,334,0,6,2 - Kaplan/Propeller,1,1,100,0,2,0,98,2,Yes,2,3,28,189,16,0,0,0,0,0,0,0,0,0,0,0,0,0,0,0,0,0,0,0,0,0,0,0,0,0,0,0,0,0,0,0,0,0,0,0,0,0,0,0,0,0,0,0,0,0,0,0,0,0,0,0,0,0,0,0,0,0,0,0,0,0,0,0,0,0,0,0,0,0,0,0,0,0,0,0,0,0,0,0,0,0,0,0,0,0,0,0,0,0,0,0,333,0,0,0,0,0,0,0,0,0,0,0,0,0,0,0,0,0,0,0,0,0,0,0,0,0,0,0,0,0,42824,                                           ,212,D
54,STA BRANCA T,2 - Sul,277 - 123_x000C_P.AFONSO 4  ,54,0,57 - MAUA        ,0 - NÃO HÁ,151,151,765,765,151,151,750,0,0,0,0,711,-3,0,0,0,-32,-13,14,42,69,77,73,61,50,10,-11,-17,0,723,2,5,2 - Kaplan/Propeller,1,1,100,0,2,1,8,2,Yes,2,2,31,87,40,0,0,0,0,0,0,0,0,0,0,0,0,0,0,0,0,0,0,0,0,0,0,0,0,0,0,0,0,0,0,0,0,0,0,0,0,0,0,0,0,0,0,0,0,0,0,0,0,0,0,0,0,0,0,0,0,0,0,0,0,0,0,0,0,0,0,0,0,0,0,0,0,0,0,0,0,0,0,0,0,0,0,0,0,0,0,0,0,0,0,0,721,0,0,0,0,0,0,0,0,0,0,0,0,0,0,0,0,0,0,0,0,0,0,0,0,0,0,0,0,0,42824,                                           ,151,D
62,TAQUARUCU   ,1 - Sudeste,55 - ,62,0,63 - ROSANA      ,0 - NÃO HÁ,677,677,284,284,677,677,284,0,0,0,0,75,0,0,0,0,12,21,33,46,73,65,47,41,41,-6,-7,15,0,259,0,6,2 - Kaplan/Propeller,1,1,100,0,2,0,200,3,Yes,2,5,105,510,23,0,0,0,0,0,0,0,0,0,0,0,0,0,0,0,0,0,0,0,0,0,0,0,0,0,0,0,0,0,0,0,0,0,0,0,0,0,0,0,0,0,0,0,0,0,0,0,0,0,0,0,0,0,0,0,0,0,0,0,0,0,0,0,0,0,0,0,0,0,0,0,0,0,0,0,0,0,0,0,0,0,0,0,0,0,0,0,0,0,0,0,257,0,0,0,0,0,0,0,0,0,0,0,0,0,0,0,0,0,0,0,0,0,0,0,0,0,0,0,0,0,42824,                                           ,677,D
63,ROSANA      ,1 - Sudeste,55 - ,63,0,66 - ITAIPU      ,0 - NÃO HÁ,1918,1918,258,258,1918,1918,258,0,0,0,0,218,0,0,0,0,9,18,28,39,69,64,43,38,37,-15,-14,9,0,237,1,5,2 - Kaplan/Propeller,1,1,100,0,2,0,227,2,Yes,2,4,89,617,16,0,0,0,0,0,0,0,0,0,0,0,0,0,0,0,0,0,0,0,0,0,0,0,0,0,0,0,0,0,0,0,0,0,0,0,0,0,0,0,0,0,0,0,0,0,0,0,0,0,0,0,0,0,0,0,0,0,0,0,0,0,0,0,0,0,0,0,0,0,0,0,0,0,0,0,0,0,0,0,0,0,0,0,0,0,0,0,0,0,0,0,235,0,0,0,0,0,0,0,0,0,0,0,0,0,0,0,0,0,0,0,0,0,0,0,0,0,0,0,0,0,42824,                                           ,1918,D
72,FUNDAO      ,2 - Sul,23 - Copel,72,0,73 - JORDAO      ,0 - NÃO HÁ,35,35,706,706,35,35,669,3,0,0,0,-707604,4096,-9,0,0,14,28,48,64,62,52,33,26,9,-13,-9,6,0,609,1,4,1 - Francis,1,1,100,0,2,3,14,2,Yes,2,2,60,76,89,0,0,0,0,0,0,0,0,0,0,0,0,0,0,0,0,0,0,0,0,0,0,0,0,0,0,0,0,0,0,0,0,0,0,0,0,0,0,0,0,0,0,0,0,0,0,0,0,0,0,0,0,0,0,0,0,0,0,0,0,0,0,0,0,0,0,0,0,0,0,0,0,0,0,0,0,0,0,0,0,0,0,0,0,0,0,0,0,0,0,0,605,0,0,0,0,0,0,0,0,0,0,0,0,0,0,0,0,0,0,0,0,0,0,0,0,0,0,0,0,0,42824,                                           ,35,D
75,S GDE CHOPIM,2 - Sul,52 - Externas Sul,65,0,82 - SALTO CAXIAS,0 - NÃO HÁ,186,186,507,507,186,186,507,0,0,0,0,13,0,0,0,0,14,32,57,76,75,62,42,29,16,-13,-13,-2,0,463,2,7,1 - Francis,1,1,100,0,2,2,6,2,Yes,2,3,18,47,42,0,0,0,0,0,0,0,0,0,0,0,0,0,0,0,0,0,0,0,0,0,0,0,0,0,0,0,0,0,0,0,0,0,0,0,0,0,0,0,0,0,0,0,0,0,0,0,0,0,0,0,0,0,0,0,0,0,0,0,0,0,0,0,0,0,0,0,0,0,0,0,0,0,0,0,0,0,0,0,0,0,0,0,0,0,0,0,0,0,0,0,462,0,0,0,0,0,0,0,0,0,0,0,0,0,0,0,0,0,0,0,0,0,0,0,0,0,0,0,0,0,42824,                                           ,186,D
78,SALTO OSORIO,2 - Sul,24 - Eletrosul,78,0,82 - SALTO CAXIAS,0 - NÃO HÁ,1124,1124,397,397,1124,1124,"397,000000","0,000000","0,000000","0,000000","0,000000","56,000000","0,000000","0,000000","0,000000","0,000000",9,27,51,69,75,63,43,30,18,-15,-19,-8,0,324,0,4,1 - Francis,2,1,100,0,1,2,119,4,Yes,2,4,182,301,68,2,175,290,68,0,0,0,0,0,0,0,0,0,0,0,0,0,0,0,0,0,0,0,0,0,0,0,0,0,0,0,0,0,0,0,0,0,0,0,0,0,0,0,0,0,0,0,0,0,0,0,0,0,0,0,0,0,0,0,0,0,0,0,0,0,0,0,0,0,0,0,0,0,0,0,0,0,0,0,0,0,0,0,0,0,0,0,0,0,0,0,"321,83700","0,00228","-0,00000014027100","0,00000000000384","0,00000000000000",0,0,0,0,0,0,0,0,0,0,0,0,0,0,0,0,0,0,0,0,0,0,0,0,0,42824,                                           ,1124,D
80,SAO JOAO    ,2 - Sul,122 - ANTES   _x000C_L.N. GARCEZ _x000C_CANOAS II   _x000C_CANOAS I    ,80,0,81 - CACHOEIRINHA,0 - NÃO HÁ,82,82,692,692,82,82,692,0,0,0,0,6,0,0,0,0,16,31,50,69,67,56,38,28,9,-16,-13,2,0,603,2,5,1 - Francis,1,1,100,0,2,3,4,2,Yes,2,2,30,39,86,0,0,0,0,0,0,0,0,0,0,0,0,0,0,0,0,0,0,0,0,0,0,0,0,0,0,0,0,0,0,0,0,0,0,0,0,0,0,0,0,0,0,0,0,0,0,0,0,0,0,0,0,0,0,0,0,0,0,0,0,0,0,0,0,0,0,0,0,0,0,0,0,0,0,0,0,0,0,0,0,0,0,0,0,0,0,0,0,0,0,0,601,0,0,0,0,0,0,0,0,0,0,0,0,0,0,0,0,0,0,0,0,0,0,0,0,0,0,0,0,0,42824,                                           ,82,D
81,CACHOEIRINHA,2 - Sul,122 - ANTES   _x000C_L.N. GARCEZ _x000C_CANOAS II   _x000C_CANOAS I    ,83,0,75 - S GDE CHOPIM,0 - NÃO HÁ,76,76,603,603,76,76,603,0,0,0,0,5,0,0,0,0,16,33,57,75,73,61,42,30,13,-13,-12,1,0,539,2,7,1 - Francis,1,1,100,0,2,2,4,2,Yes,2,2,23,41,62,0,0,0,0,0,0,0,0,0,0,0,0,0,0,0,0,0,0,0,0,0,0,0,0,0,0,0,0,0,0,0,0,0,0,0,0,0,0,0,0,0,0,0,0,0,0,0,0,0,0,0,0,0,0,0,0,0,0,0,0,0,0,0,0,0,0,0,0,0,0,0,0,0,0,0,0,0,0,0,0,0,0,0,0,0,0,0,0,0,0,0,537,0,0,0,0,0,0,0,0,0,0,0,0,0,0,0,0,0,0,0,0,0,0,0,0,0,0,0,0,0,42824,                                           ,76,D
82,SALTO CAXIAS,2 - Sul,23 - Copel,222,0,83 - BAIXO IGUACU,0 - NÃO HÁ,3573,3573,325,325,3573,3573,"325,000000","0,000000","0,000000","0,000000","0,000000","141,429990","0,000000","0,000000","0,000000","0,000000",5,26,49,65,72,61,41,30,17,-18,-26,-15,0,259,0,4,1 - Francis,1,1,100,0,2,1,148,3,Yes,2,4,310,525,65,0,0,0,0,0,0,0,0,0,0,0,0,0,0,0,0,0,0,0,0,0,0,0,0,0,0,0,0,0,0,0,0,0,0,0,0,0,0,0,0,0,0,0,0,0,0,0,0,0,0,0,0,0,0,0,0,0,0,0,0,0,0,0,0,0,0,0,0,0,0,0,0,0,0,0,0,0,0,0,0,0,0,0,0,0,0,0,0,0,0,0,"257,9200000000","0,0006208380","-0,0000000172","0,0000000000","0,0000000000",0,0,0,0,0,0,0,0,0,0,0,0,0,0,0,0,0,0,0,0,0,0,0,0,0,42824,                                           ,3573,D
83,BAIXO IGUACU,2 - Sul,224 - ,81,0,0 - NÃO HÁ,0 - NÃO HÁ,212,179,259,258,179,179,247,0,0,0,0,159522,-1874,7,0,0,-38,-10,25,57,79,81,72,61,37,-11,-38,-50,0,243,2,6,2 - Kaplan/Propeller,1,1,100,0,2,0,160,2,No,2,3,117,840,15,0,0,0,0,0,0,0,0,0,0,0,0,0,0,0,0,0,0,0,0,0,0,0,0,0,0,0,0,0,0,0,0,0,0,0,0,0,0,0,0,0,0,0,0,0,0,0,0,0,0,0,0,0,0,0,0,0,0,0,0,0,0,0,0,0,0,0,0,0,0,0,0,0,0,0,0,0,0,0,0,0,0,0,0,0,0,0,0,0,0,0,240,0,0,0,0,0,0,0,0,0,0,0,0,0,0,0,0,0,0,0,0,0,0,0,0,0,0,0,0,0,42824,                                           ,212,D
92,ITA         ,2 - Sul,24 - Eletrosul,92,0,103 - FOZ CHAPECO ,0 - NÃO HÁ,5100,5100,370,370,5100,5100,"370,000000","0,000000","0,000000","0,000000","0,000000","141,179990","0,000000","0,000000","0,000000","0,000000",-66,-37,-2,62,97,111,110,94,60,4,-39,-75,0,265,0,3,1 - Francis,1,1,100,0,2,2,49,3,Yes,2,5,290,318,102,0,0,0,0,0,0,0,0,0,0,0,0,0,0,0,0,0,0,0,0,0,0,0,0,0,0,0,0,0,0,0,0,0,0,0,0,0,0,0,0,0,0,0,0,0,0,0,0,0,0,0,0,0,0,0,0,0,0,0,0,0,0,0,0,0,0,0,0,0,0,0,0,0,0,0,0,0,0,0,0,0,0,0,0,0,0,0,0,0,0,0,"261,36300","0,00301","-0,00000056360800","0,00000000006791","0,00000000000000",0,0,0,0,0,0,0,0,0,0,0,0,0,0,0,0,0,0,0,0,0,0,0,0,0,42824,                                           ,5100,D
94,MONJOLINHO  ,2 - Sul,128 - STA BRANCA T,220,0,103 - FOZ CHAPECO ,0 - NÃO HÁ,150,150,329,329,150,150,175,4,0,0,0,152242,-1860,9,0,0,-69,-40,-4,62,96,114,110,93,59,2,-43,-80,0,265,0,2,1 - Francis,1,1,100,0,2,2,2,2,Yes,2,2,37,67,61,0,0,0,0,0,0,0,0,0,0,0,0,0,0,0,0,0,0,0,0,0,0,0,0,0,0,0,0,0,0,0,0,0,0,0,0,0,0,0,0,0,0,0,0,0,0,0,0,0,0,0,0,0,0,0,0,0,0,0,0,0,0,0,0,0,0,0,0,0,0,0,0,0,0,0,0,0,0,0,0,0,0,0,0,0,0,0,0,0,0,0,265,0,0,0,0,0,0,0,0,0,0,0,0,0,0,0,0,0,0,0,0,0,0,0,0,0,0,0,0,0,42824,                                           ,150,D
97,CASTRO ALVES,2 - Sul,61 - ,98,0,98 - MONTE CLARO ,0 - NÃO HÁ,92,87,240,239,87,87,210,1,0,0,0,494493,-8321,52,0,0,-68,-43,3,63,101,110,109,94,49,-1,-44,-84,0,148,0,4,2 - Kaplan/Propeller,1,1,100,0,2,8,3,2,No,2,3,43,53,91,0,0,0,0,0,0,0,0,0,0,0,0,0,0,0,0,0,0,0,0,0,0,0,0,0,0,0,0,0,0,0,0,0,0,0,0,0,0,0,0,0,0,0,0,0,0,0,0,0,0,0,0,0,0,0,0,0,0,0,0,0,0,0,0,0,0,0,0,0,0,0,0,0,0,0,0,0,0,0,0,0,0,0,0,0,0,0,0,0,0,0,137,0,0,0,0,0,0,0,0,0,0,0,0,0,0,0,0,0,0,0,0,0,0,0,0,0,0,0,0,0,42824,                                           ,92,D
98,MONTE CLARO ,2 - Sul,61 - ,97,0,99 - 14 DE JULHO ,0 - NÃO HÁ,11,10,148,147,10,10,136,1,0,0,0,-7278,193,-2,0,0,0,24,64,81,84,66,49,30,5,-23,-32,-30,0,104,0,7,2 - Kaplan/Propeller,1,1,100,0,2,4,8,1,No,2,2,65,186,39,0,0,0,0,0,0,0,0,0,0,0,0,0,0,0,0,0,0,0,0,0,0,0,0,0,0,0,0,0,0,0,0,0,0,0,0,0,0,0,0,0,0,0,0,0,0,0,0,0,0,0,0,0,0,0,0,0,0,0,0,0,0,0,0,0,0,0,0,0,0,0,0,0,0,0,0,0,0,0,0,0,0,0,0,0,0,0,0,0,0,0,105,0,0,0,0,0,0,0,0,0,0,0,0,0,0,0,0,0,0,0,0,0,0,0,0,0,0,0,0,0,42824,                                           ,11,D
99,14 DE JULHO ,2 - Sul,61 - ,284,0,0 - NÃO HÁ,0 - NÃO HÁ,55,49,104,103,49,49,80,1,0,0,0,-1347,56,-1,0,0,1,25,64,81,84,67,49,30,4,-24,-31,-31,0,71,0,6,2 - Kaplan/Propeller,1,1,100,0,2,1,8,2,No,2,2,50,170,32,0,0,0,0,0,0,0,0,0,0,0,0,0,0,0,0,0,0,0,0,0,0,0,0,0,0,0,0,0,0,0,0,0,0,0,0,0,0,0,0,0,0,0,0,0,0,0,0,0,0,0,0,0,0,0,0,0,0,0,0,0,0,0,0,0,0,0,0,0,0,0,0,0,0,0,0,0,0,0,0,0,0,0,0,0,0,0,0,0,0,0,67,0,0,0,0,0,0,0,0,0,0,0,0,0,0,0,0,0,0,0,0,0,0,0,0,0,0,0,0,0,42824,                                           ,55,D
101,SAO JOSE    ,2 - Sul,228 - ,102,0,102 - PASSO S JOAO,0 - NÃO HÁ,186,186,155,155,186,186,155,0,0,0,0,23,0,0,0,0,-5,21,57,81,95,82,66,44,13,-19,-34,-21,0,131,2,4,2 - Kaplan/Propeller,1,1,100,0,2,1,20,2,Yes,2,2,26,144,20,0,0,0,0,0,0,0,0,0,0,0,0,0,0,0,0,0,0,0,0,0,0,0,0,0,0,0,0,0,0,0,0,0,0,0,0,0,0,0,0,0,0,0,0,0,0,0,0,0,0,0,0,0,0,0,0,0,0,0,0,0,0,0,0,0,0,0,0,0,0,0,0,0,0,0,0,0,0,0,0,0,0,0,0,0,0,0,0,0,0,0,131,0,0,0,0,0,0,0,0,0,0,0,0,0,0,0,0,0,0,0,0,0,0,0,0,0,0,0,0,0,42824,                                           ,186,D
102,PASSO S JOAO,2 - Sul,189 - PECO _x000C_            _x000C_PONTE NOVA  ,103,0,0 - NÃO HÁ,0 - NÃO HÁ,102,102,128,128,102,102,119,0,0,0,0,-303,3,0,0,0,-28,-2,38,75,99,94,86,69,35,-7,-28,-35,0,99,2,4,2 - Kaplan/Propeller,1,1,100,0,2,0,21,2,Yes,2,2,39,163,26,0,0,0,0,0,0,0,0,0,0,0,0,0,0,0,0,0,0,0,0,0,0,0,0,0,0,0,0,0,0,0,0,0,0,0,0,0,0,0,0,0,0,0,0,0,0,0,0,0,0,0,0,0,0,0,0,0,0,0,0,0,0,0,0,0,0,0,0,0,0,0,0,0,0,0,0,0,0,0,0,0,0,0,0,0,0,0,0,0,0,0,98,0,0,0,0,0,0,0,0,0,0,0,0,0,0,0,0,0,0,0,0,0,0,0,0,0,0,0,0,0,42824,                                           ,102,D
103,FOZ CHAPECO ,2 - Sul,14 - ,94,0,0 - NÃO HÁ,0 - NÃO HÁ,1502,1428,265,264,1428,1428,245,0,0,0,0,193878,-3079,18,0,0,-74,-43,-11,57,91,114,107,90,58,-1,-48,-85,0,213,0,3,1 - Francis,1,1,100,0,2,2,79,3,No,2,4,214,472,50,0,0,0,0,0,0,0,0,0,0,0,0,0,0,0,0,0,0,0,0,0,0,0,0,0,0,0,0,0,0,0,0,0,0,0,0,0,0,0,0,0,0,0,0,0,0,0,0,0,0,0,0,0,0,0,0,0,0,0,0,0,0,0,0,0,0,0,0,0,0,0,0,0,0,0,0,0,0,0,0,0,0,0,0,0,0,0,0,0,0,0,211,0,0,0,0,0,0,0,0,0,0,0,0,0,0,0,0,0,0,0,0,0,0,0,0,0,0,0,0,0,42824,                                           ,1502,D
105,PONTE NOVA  ,1 - Sudeste,15 - Eletropaulo,160,0,107 - EDGARD SOUZA,0 - NÃO HÁ,2,2,110,110,2,2,110,0,0,0,0,1,0,0,0,0,4,11,34,47,49,45,27,17,13,2,-9,-1,0,87,0,0,0 - NÃO HÁ,0,1,100,0,1,0,3,0,Yes,2,0,0,0,0,0,0,0,0,0,0,0,0,0,0,0,0,0,0,0,0,0,0,0,0,0,0,0,0,0,0,0,0,0,0,0,0,0,0,0,0,0,0,0,0,0,0,0,0,0,0,0,0,0,0,0,0,0,0,0,0,0,0,0,0,0,0,0,0,0,0,0,0,0,0,0,0,0,0,0,0,0,0,0,0,0,0,0,0,0,0,0,0,0,0,0,0,0,0,0,0,0,0,0,0,0,0,0,0,0,0,0,0,0,0,0,0,0,0,0,0,0,0,0,0,0,42824,                                           ,2,D
107,EDGARD SOUZA,1 - Sudeste,15 - Eletropaulo,161,0,37 - BARRA BONITA,108 - TRAICAO     ,1,0,717,706,1,0,706,11,0,0,0,-64,0,0,0,0,14,20,27,29,31,29,29,37,30,18,20,23,0,706,0,0,0 - NÃO HÁ,0,1,100,0,1,0,18,0,No,2,0,0,0,0,0,0,0,0,0,0,0,0,0,0,0,0,0,0,0,0,0,0,0,0,0,0,0,0,0,0,0,0,0,0,0,0,0,0,0,0,0,0,0,0,0,0,0,0,0,0,0,0,0,0,0,0,0,0,0,0,0,0,0,0,0,0,0,0,0,0,0,0,0,0,0,0,0,0,0,0,0,0,0,0,0,0,0,0,0,0,0,0,0,0,0,706,0,0,0,0,0,0,0,0,0,0,0,0,0,0,0,0,0,0,0,0,0,0,0,0,0,0,0,0,0,42824,                                           ,1,D
108,TRAICAO     ,1 - Sudeste,15 - Eletropaulo,104,0,107 - EDGARD SOUZA,109 - PEDREIRA    ,1,0,717,715,1,0,715,2,0,0,0,-397,1,0,0,0,0,0,0,0,0,0,0,0,0,0,0,0,0,715,0,0,0 - NÃO HÁ,0,1,100,0,1,0,5,0,No,2,0,0,0,0,0,0,0,0,0,0,0,0,0,0,0,0,0,0,0,0,0,0,0,0,0,0,0,0,0,0,0,0,0,0,0,0,0,0,0,0,0,0,0,0,0,0,0,0,0,0,0,0,0,0,0,0,0,0,0,0,0,0,0,0,0,0,0,0,0,0,0,0,0,0,0,0,0,0,0,0,0,0,0,0,0,0,0,0,0,0,0,0,0,0,0,715,0,0,0,0,0,0,0,0,0,0,0,0,0,0,0,0,0,0,0,0,0,0,0,0,0,0,0,0,0,42824,                                           ,1,D
109,PEDREIRA    ,1 - Sudeste,15 - Eletropaulo,109,0,108 - TRAICAO     ,118 - BILLINGS    ,1,0,722,720,1,0,720,2,0,0,0,-400,1,0,0,0,0,0,0,0,0,0,0,0,0,0,0,0,0,720,0,0,0 - NÃO HÁ,0,1,100,0,1,0,2,0,Yes,2,0,0,0,0,0,0,0,0,0,0,0,0,0,0,0,0,0,0,0,0,0,0,0,0,0,0,0,0,0,0,0,0,0,0,0,0,0,0,0,0,0,0,0,0,0,0,0,0,0,0,0,0,0,0,0,0,0,0,0,0,0,0,0,0,0,0,0,0,0,0,0,0,0,0,0,0,0,0,0,0,0,0,0,0,0,0,0,0,0,0,0,0,0,0,0,720,0,0,0,0,0,0,0,0,0,0,0,0,0,0,0,0,0,0,0,0,0,0,0,0,0,0,0,0,0,42824,                                           ,1,D
112,JACUI       ,2 - Sul,22 - CEEE,112,0,113 - ITAUBA      ,0 - NÃO HÁ,29,29,280,280,29,29,280,0,0,0,0,5,0,0,0,0,-5,21,61,86,93,76,60,41,9,-21,-34,-45,0,182,1,3,1 - Francis,1,1,100,0,1,3,12,4,Yes,2,6,30,39,89,0,0,0,0,0,0,0,0,0,0,0,0,0,0,0,0,0,0,0,0,0,0,0,0,0,0,0,0,0,0,0,0,0,0,0,0,0,0,0,0,0,0,0,0,0,0,0,0,0,0,0,0,0,0,0,0,0,0,0,0,0,0,0,0,0,0,0,0,0,0,0,0,0,0,0,0,0,0,0,0,0,0,0,0,0,0,0,0,0,0,0,181,0,0,0,0,0,0,0,0,0,0,0,0,0,0,0,0,0,0,0,0,0,0,0,0,0,0,0,0,0,42824,                                           ,29,D
113,ITAUBA      ,2 - Sul,22 - CEEE,113,0,114 - D. FRANCISCA,0 - NÃO HÁ,620,620,184,184,620,620,184,0,0,0,0,17,0,0,0,0,-70,-44,3,68,108,119,113,98,49,-5,-51,-89,0,93,1,3,1 - Francis,1,1,100,0,1,2,15,2,Yes,2,4,125,155,88,0,0,0,0,0,0,0,0,0,0,0,0,0,0,0,0,0,0,0,0,0,0,0,0,0,0,0,0,0,0,0,0,0,0,0,0,0,0,0,0,0,0,0,0,0,0,0,0,0,0,0,0,0,0,0,0,0,0,0,0,0,0,0,0,0,0,0,0,0,0,0,0,0,0,0,0,0,0,0,0,0,0,0,0,0,0,0,0,0,0,0,92,0,0,0,0,0,0,0,0,0,0,0,0,0,0,0,0,0,0,0,0,0,0,0,0,0,0,0,0,0,42824,                                           ,620,D
114,D. FRANCISCA,2 - Sul,22 - CEEE,114,0,0 - NÃO HÁ,0 - NÃO HÁ,330,330,95,95,330,330,95,0,0,0,0,19,0,0,0,0,-73,-48,1,66,109,118,112,95,45,-10,-56,-88,0,54,1,3,1 - Francis,1,1,100,0,2,0,21,2,Yes,2,2,63,188,39,0,0,0,0,0,0,0,0,0,0,0,0,0,0,0,0,0,0,0,0,0,0,0,0,0,0,0,0,0,0,0,0,0,0,0,0,0,0,0,0,0,0,0,0,0,0,0,0,0,0,0,0,0,0,0,0,0,0,0,0,0,0,0,0,0,0,0,0,0,0,0,0,0,0,0,0,0,0,0,0,0,0,0,0,0,0,0,0,0,0,0,53,0,0,0,0,0,0,0,0,0,0,0,0,0,0,0,0,0,0,0,0,0,0,0,0,0,0,0,0,0,42824,                                           ,330,D
119,HENRY BORDEN,1 - Sudeste,15 - Eletropaulo,116,0,0 - NÃO HÁ,0 - NÃO HÁ,1,1,729,729,1,1,729,0,0,0,0,1,0,0,0,0,0,0,0,0,0,0,0,0,0,0,0,0,0,12,3,11,3 - Pelton,5,1,100,0,1,1,0,7,No,2,1,40,7,712,1,36,6,712,5,65,11,712,1,68,12,712,6,70,12,712,0,0,0,0,0,0,0,0,0,0,0,0,0,0,0,0,0,0,0,0,0,0,0,0,0,0,0,0,0,0,0,0,0,0,0,0,0,0,0,0,0,0,0,0,0,0,0,0,0,0,0,0,0,0,0,0,0,0,0,0,0,0,0,0,0,0,0,0,0,0,0,0,0,0,0,12,0,0,0,0,0,0,0,0,0,0,0,0,0,0,0,0,0,0,0,0,0,0,0,0,0,0,0,0,0,42824,                                           ,1,D
125,STA CECILIA ,1 - Sudeste,17 - Light,125,0,128 - ANTA        ,181 - SANTANA     ,6,6,353,353,6,6,353,0,0,0,0,3,0,0,0,0,-16,-22,23,47,52,42,26,15,11,-6,-11,-4,0,348,0,0,0 - NÃO HÁ,0,1,100,0,1,0,66,0,No,2,0,0,0,0,0,0,0,0,0,0,0,0,0,0,0,0,0,0,0,0,0,0,0,0,0,0,0,0,0,0,0,0,0,0,0,0,0,0,0,0,0,0,0,0,0,0,0,0,0,0,0,0,0,0,0,0,0,0,0,0,0,0,0,0,0,0,0,0,0,0,0,0,0,0,0,0,0,0,0,0,0,0,0,0,0,0,0,0,0,0,0,0,0,0,0,348,0,0,0,0,0,0,0,0,0,0,0,0,0,0,0,0,0,0,0,0,0,0,0,0,0,0,0,0,0,42824,                                           ,6,D
126,PICADA      ,1 - Sudeste,247 -          _x000C_         ,197,0,127 - SOBRAGI     ,0 - NÃO HÁ,7,6,659,659,6,6,645,4,0,0,0,-93648,345,0,0,0,-25,-19,3,28,47,58,46,31,26,14,-3,-17,0,526,1,5,1 - Francis,1,1,100,0,2,4,9,2,Yes,2,2,25,22,130,0,0,0,0,0,0,0,0,0,0,0,0,0,0,0,0,0,0,0,0,0,0,0,0,0,0,0,0,0,0,0,0,0,0,0,0,0,0,0,0,0,0,0,0,0,0,0,0,0,0,0,0,0,0,0,0,0,0,0,0,0,0,0,0,0,0,0,0,0,0,0,0,0,0,0,0,0,0,0,0,0,0,0,0,0,0,0,0,0,0,0,526,0,0,0,0,0,0,0,0,0,0,0,0,0,0,0,0,0,0,0,0,0,0,0,0,0,0,0,0,0,42824,                                           ,7,D
127,SOBRAGI     ,1 - Sudeste,247 -          _x000C_         ,198,0,128 - ANTA        ,0 - NÃO HÁ,1,1,437,437,1,1,437,0,0,0,0,0,0,0,0,0,-31,-32,-3,24,49,66,66,47,34,10,-9,-19,0,360,1,6,1 - Francis,1,1,100,0,2,2,20,3,No,2,3,20,30,78,0,0,0,0,0,0,0,0,0,0,0,0,0,0,0,0,0,0,0,0,0,0,0,0,0,0,0,0,0,0,0,0,0,0,0,0,0,0,0,0,0,0,0,0,0,0,0,0,0,0,0,0,0,0,0,0,0,0,0,0,0,0,0,0,0,0,0,0,0,0,0,0,0,0,0,0,0,0,0,0,0,0,0,0,0,0,0,0,0,0,0,356,0,0,0,0,0,0,0,0,0,0,0,0,0,0,0,0,0,0,0,0,0,0,0,0,0,0,0,0,0,42824,                                           ,1,D
128,ANTA        ,1 - Sudeste,19 - Furnas,129,0,129 - SIMPLICIO   ,129 - SIMPLICIO   ,0,0,0,0,0,0,0,0,0,0,0,0,0,0,0,0,0,0,0,0,0,0,0,0,0,0,0,0,0,0,0,0,0 - NÃO HÁ,0,0,100,0,1,0,128,0,No,2,0,0,0,0,0,0,0,0,0,0,0,0,0,0,0,0,0,0,0,0,0,0,0,0,0,0,0,0,0,0,0,0,0,0,0,0,0,0,0,0,0,0,0,0,0,0,0,0,0,0,0,0,0,0,0,0,0,0,0,0,0,0,0,0,0,0,0,0,0,0,0,0,0,0,0,0,0,0,0,0,0,0,0,0,0,0,0,0,0,0,0,0,0,0,0,0,0,0,0,0,0,0,0,0,0,0,0,0,0,0,0,0,0,0,0,0,0,0,0,0,0,0,0,0,0,42824,                                           ,0,D
129,SIMPLICIO   ,1 - Sudeste,19 - Furnas,300,0,130 - ILHA POMBOS ,0 - NÃO HÁ,127,127,252,252,127,127,252,0,0,0,0,11,0,0,0,0,-45,-29,-7,22,53,71,81,75,54,20,-10,-38,0,140,10,10,1 - Francis,1,1,100,0,1,6,0,2,Yes,2,3,102,103,111,0,0,0,0,0,0,0,0,0,0,0,0,0,0,0,0,0,0,0,0,0,0,0,0,0,0,0,0,0,0,0,0,0,0,0,0,0,0,0,0,0,0,0,0,0,0,0,0,0,0,0,0,0,0,0,0,0,0,0,0,0,0,0,0,0,0,0,0,0,0,0,0,0,0,0,0,0,0,0,0,0,0,0,0,0,0,0,0,0,0,0,138,0,0,0,0,0,0,0,0,0,0,0,0,0,0,0,0,0,0,0,0,0,0,0,0,0,0,0,0,0,42824,                                           ,127,D
130,ILHA POMBOS ,1 - Sudeste,17 - Light,130,0,186 - ITAOCARA I  ,0 - NÃO HÁ,8,8,136,136,8,8,136,0,0,0,0,4,0,0,0,0,16,20,36,37,36,31,29,26,30,21,12,10,0,102,0,4,1 - Francis,5,1,100,0,2,1,146,3,No,2,1,27,106,33,1,27,105,33,1,32,124,33,1,49,190,33,1,51,199,33,0,0,0,0,0,0,0,0,0,0,0,0,0,0,0,0,0,0,0,0,0,0,0,0,0,0,0,0,0,0,0,0,0,0,0,0,0,0,0,0,0,0,0,0,0,0,0,0,0,0,0,0,0,0,0,0,0,0,0,0,0,0,0,0,0,0,0,0,0,0,0,0,0,0,0,99,0,0,0,0,0,0,0,0,0,0,0,0,0,0,0,0,0,0,0,0,0,0,0,0,0,0,0,0,0,42824,                                           ,8,D
131,NILO PECANHA,1 - Sudeste,17 - Light,300,0,133 - P. PASSOS   ,0 - NÃO HÁ,38,38,399,399,38,38,399,0,0,0,0,1,0,0,0,0,0,0,0,0,0,0,0,0,0,0,0,0,0,87,0,8,1 - Francis,2,1,100,0,2,4,0,5,No,2,2,48,18,309,4,71,27,309,0,0,0,0,0,0,0,0,0,0,0,0,0,0,0,0,0,0,0,0,0,0,0,0,0,0,0,0,0,0,0,0,0,0,0,0,0,0,0,0,0,0,0,0,0,0,0,0,0,0,0,0,0,0,0,0,0,0,0,0,0,0,0,0,0,0,0,0,0,0,0,0,0,0,0,0,0,0,0,0,0,0,0,0,0,0,0,87,0,0,0,0,0,0,0,0,0,0,0,0,0,0,0,0,0,0,0,0,0,0,0,0,0,0,0,0,0,42824,                                           ,38,D
132,FONTES      ,1 - Sudeste,17 - Light,202,0,133 - P. PASSOS   ,0 - NÃO HÁ,445,445,415,415,445,445,415,0,0,0,0,1,0,0,0,0,0,0,0,0,0,0,0,0,0,0,0,0,0,90,3,3,1 - Francis,2,1,100,0,2,21,0,3,No,2,1,44,17,303,2,44,17,303,0,0,0,0,0,0,0,0,0,0,0,0,0,0,0,0,0,0,0,0,0,0,0,0,0,0,0,0,0,0,0,0,0,0,0,0,0,0,0,0,0,0,0,0,0,0,0,0,0,0,0,0,0,0,0,0,0,0,0,0,0,0,0,0,0,0,0,0,0,0,0,0,0,0,0,0,0,0,0,0,0,0,0,0,0,0,0,90,0,0,0,0,0,0,0,0,0,0,0,0,0,0,0,0,0,0,0,0,0,0,0,0,0,0,0,0,0,42824,                                           ,445,D
133,P. PASSOS   ,1 - Sudeste,17 - Light,202,0,0 - NÃO HÁ,0 - NÃO HÁ,17,17,87,87,17,17,87,0,0,0,0,1,0,0,0,0,-39,-29,-10,26,64,73,90,85,57,17,-16,-29,0,49,1,2,1 - Francis,1,1,100,0,2,0,0,2,Yes,2,2,50,159,38,0,0,0,0,0,0,0,0,0,0,0,0,0,0,0,0,0,0,0,0,0,0,0,0,0,0,0,0,0,0,0,0,0,0,0,0,0,0,0,0,0,0,0,0,0,0,0,0,0,0,0,0,0,0,0,0,0,0,0,0,0,0,0,0,0,0,0,0,0,0,0,0,0,0,0,0,0,0,0,0,0,0,0,0,0,0,0,0,0,0,0,45,0,0,0,0,0,0,0,0,0,0,0,0,0,0,0,0,0,0,0,0,0,0,0,0,0,0,0,0,0,42824,                                           ,17,D
134,SALTO GRANDE,1 - Sudeste,18 - Cemig,134,0,135 - P. ESTRELA  ,0 - NÃO HÁ,78,78,356,356,78,78,356,0,0,0,0,6,0,0,0,0,-43,-10,11,28,46,65,97,87,64,39,8,-19,0,255,1,3,1 - Francis,2,1,100,0,1,6,18,1,No,2,2,27,35,93,2,24,31,93,0,0,0,0,0,0,0,0,0,0,0,0,0,0,0,0,0,0,0,0,0,0,0,0,0,0,0,0,0,0,0,0,0,0,0,0,0,0,0,0,0,0,0,0,0,0,0,0,0,0,0,0,0,0,0,0,0,0,0,0,0,0,0,0,0,0,0,0,0,0,0,0,0,0,0,0,0,0,0,0,0,0,0,0,0,0,0,254,0,0,0,0,0,0,0,0,0,0,0,0,0,0,0,0,0,0,0,0,0,0,0,0,0,0,0,0,0,42824,                                           ,78,D
138,BAU I       ,1 - Sudeste,100 -   _x000C_CACH.DOURADA,267,0,139 - CANDONGA    ,0 - NÃO HÁ,150,147,367,367,147,147,347,0,0,0,0,-77,0,0,0,0,-40,-18,6,21,46,62,86,78,58,35,5,-25,0,328,2,5,2 - Kaplan/Propeller,1,1,100,0,2,1,28,2,Yes,2,3,37,110,38,0,0,0,0,0,0,0,0,0,0,0,0,0,0,0,0,0,0,0,0,0,0,0,0,0,0,0,0,0,0,0,0,0,0,0,0,0,0,0,0,0,0,0,0,0,0,0,0,0,0,0,0,0,0,0,0,0,0,0,0,0,0,0,0,0,0,0,0,0,0,0,0,0,0,0,0,0,0,0,0,0,0,0,0,0,0,0,0,0,0,0,325,0,0,0,0,0,0,0,0,0,0,0,0,0,0,0,0,0,0,0,0,0,0,0,0,0,0,0,0,0,42824,                                           ,150,D
139,CANDONGA    ,1 - Sudeste,45 - ,149,0,141 - BAGUARI     ,0 - NÃO HÁ,54,54,328,328,54,54,284,3,0,0,0,3326,-44,0,0,0,-41,-15,6,23,48,67,90,81,59,37,5,-25,0,277,0,2,2 - Kaplan/Propeller,1,1,100,0,2,0,28,2,Yes,2,3,47,106,49,0,0,0,0,0,0,0,0,0,0,0,0,0,0,0,0,0,0,0,0,0,0,0,0,0,0,0,0,0,0,0,0,0,0,0,0,0,0,0,0,0,0,0,0,0,0,0,0,0,0,0,0,0,0,0,0,0,0,0,0,0,0,0,0,0,0,0,0,0,0,0,0,0,0,0,0,0,0,0,0,0,0,0,0,0,0,0,0,0,0,0,276,0,0,0,0,0,0,0,0,0,0,0,0,0,0,0,0,0,0,0,0,0,0,0,0,0,0,0,0,0,42824,                                           ,54,D
141,BAGUARI     ,1 - Sudeste,188 - _x000C_FOZ CHAPECO _x000C_            _x000C_PONTE NOVA  ,141,0,143 - AIMORES     ,0 - NÃO HÁ,38,31,185,185,31,31,180,0,0,0,0,-614,3,0,0,0,-11,5,37,57,76,71,72,42,31,21,11,-1,0,167,6,2,2 - Kaplan/Propeller,1,1,100,0,2,0,78,3,Yes,2,4,35,218,17,0,0,0,0,0,0,0,0,0,0,0,0,0,0,0,0,0,0,0,0,0,0,0,0,0,0,0,0,0,0,0,0,0,0,0,0,0,0,0,0,0,0,0,0,0,0,0,0,0,0,0,0,0,0,0,0,0,0,0,0,0,0,0,0,0,0,0,0,0,0,0,0,0,0,0,0,0,0,0,0,0,0,0,0,0,0,0,0,0,0,0,165,0,0,0,0,0,0,0,0,0,0,0,0,0,0,0,0,0,0,0,0,0,0,0,0,0,0,0,0,0,42824,                                           ,38,D
143,AIMORES     ,1 - Sudeste,18 - Cemig,148,0,144 - MASCARENHAS ,0 - NÃO HÁ,186,157,90,89,157,157,80,0,0,0,0,-162020,7307,-124,1,0,-22,-18,24,57,84,81,64,39,19,4,-14,-12,0,63,1,4,2 - Kaplan/Propeller,1,1,100,0,2,0,109,2,No,2,3,110,432,28,0,0,0,0,0,0,0,0,0,0,0,0,0,0,0,0,0,0,0,0,0,0,0,0,0,0,0,0,0,0,0,0,0,0,0,0,0,0,0,0,0,0,0,0,0,0,0,0,0,0,0,0,0,0,0,0,0,0,0,0,0,0,0,0,0,0,0,0,0,0,0,0,0,0,0,0,0,0,0,0,0,0,0,0,0,0,0,0,0,0,0,59,0,0,0,0,0,0,0,0,0,0,0,0,0,0,0,0,0,0,0,0,0,0,0,0,0,0,0,0,0,42824,                                           ,186,D
144,MASCARENHAS ,1 - Sudeste,205 -        _x000C_GUARAPIRANG,144,0,0 - NÃO HÁ,0 - NÃO HÁ,22,22,61,61,22,22,61,0,0,0,0,4,0,0,0,0,-46,-42,-7,27,72,95,96,73,44,12,-18,-28,0,40,4,6,2 - Kaplan/Propeller,1,1,100,0,2,1,125,3,Yes,2,4,50,304,18,0,0,0,0,0,0,0,0,0,0,0,0,0,0,0,0,0,0,0,0,0,0,0,0,0,0,0,0,0,0,0,0,0,0,0,0,0,0,0,0,0,0,0,0,0,0,0,0,0,0,0,0,0,0,0,0,0,0,0,0,0,0,0,0,0,0,0,0,0,0,0,0,0,0,0,0,0,0,0,0,0,0,0,0,0,0,0,0,0,0,0,37,0,0,0,0,0,0,0,0,0,0,0,0,0,0,0,0,0,0,0,0,0,0,0,0,0,0,0,0,0,42824,                                           ,22,D
149,MURTA       ,1 - Sudeste,129 - ,258,0,154 - ITAPEBI     ,0 - NÃO HÁ,340,339,330,330,339,339,290,0,0,0,0,2385,-20,0,0,0,1,11,50,81,85,80,66,50,67,37,26,15,0,288,2,5,1 - Francis,1,1,100,0,2,1,7,2,Yes,2,3,40,111,40,0,0,0,0,0,0,0,0,0,0,0,0,0,0,0,0,0,0,0,0,0,0,0,0,0,0,0,0,0,0,0,0,0,0,0,0,0,0,0,0,0,0,0,0,0,0,0,0,0,0,0,0,0,0,0,0,0,0,0,0,0,0,0,0,0,0,0,0,0,0,0,0,0,0,0,0,0,0,0,0,0,0,0,0,0,0,0,0,0,0,0,286,0,0,0,0,0,0,0,0,0,0,0,0,0,0,0,0,0,0,0,0,0,0,0,0,0,0,0,0,0,42824,                                           ,340,D
154,ITAPEBI     ,3 - Nordeste,82 - ,188,0,0 - NÃO HÁ,0 - NÃO HÁ,1634,1634,110,110,1634,1634,110,0,0,0,0,62,0,0,0,0,-43,-25,-10,25,54,66,74,65,50,14,-20,-30,0,30,1,4,1 - Francis,3,1,100,0,2,2,14,2,Yes,2,1,154,220,77,1,154,220,77,1,154,220,77,0,0,0,0,0,0,0,0,0,0,0,0,0,0,0,0,0,0,0,0,0,0,0,0,0,0,0,0,0,0,0,0,0,0,0,0,0,0,0,0,0,0,0,0,0,0,0,0,0,0,0,0,0,0,0,0,0,0,0,0,0,0,0,0,0,0,0,0,0,0,0,0,0,0,0,0,0,0,0,0,0,0,0,27,0,0,0,0,0,0,0,0,0,0,0,0,0,0,0,0,0,0,0,0,0,0,0,0,0,0,0,0,0,42824,                                           ,1634,D
173,MOXOTO      ,3 - Nordeste,33 - CHESF,173,0,174 - P.AFONSO 123,175 - P.AFONSO 4  ,1226,1226,252,252,1226,1226,252,0,0,0,0,91,0,0,0,0,140,109,81,105,109,101,123,158,180,195,158,152,0,230,4,18,2 - Kaplan/Propeller,1,1,100,0,1,2,336,4,No,2,4,100,561,20,0,0,0,0,0,0,0,0,0,0,0,0,0,0,0,0,0,0,0,0,0,0,0,0,0,0,0,0,0,0,0,0,0,0,0,0,0,0,0,0,0,0,0,0,0,0,0,0,0,0,0,0,0,0,0,0,0,0,0,0,0,0,0,0,0,0,0,0,0,0,0,0,0,0,0,0,0,0,0,0,0,0,0,0,0,0,0,0,0,0,0,230,0,0,0,0,0,0,0,0,0,0,0,0,0,0,0,0,0,0,0,0,0,0,0,0,0,0,0,0,0,42824,                                           ,1226,D
174,P.AFONSO 123,3 - Nordeste,33 - CHESF,175,0,178 - XINGO       ,0 - NÃO HÁ,26,26,230,230,26,26,230,0,0,0,0,5,0,0,0,0,140,109,81,105,109,101,123,158,180,195,158,152,0,146,4,18,1 - Francis,5,1,100,0,1,1,336,13,Yes,2,3,60,84,81,2,70,97,82,1,75,104,82,3,76,106,82,4,199,258,88,0,0,0,0,0,0,0,0,0,0,0,0,0,0,0,0,0,0,0,0,0,0,0,0,0,0,0,0,0,0,0,0,0,0,0,0,0,0,0,0,0,0,0,0,0,0,0,0,0,0,0,0,0,0,0,0,0,0,0,0,0,0,0,0,0,0,0,0,0,0,0,0,0,0,0,134,0,0,0,0,0,0,0,0,0,0,0,0,0,0,0,0,0,0,0,0,0,0,0,0,0,0,0,0,0,42824,                                           ,26,D
175,P.AFONSO 4  ,3 - Nordeste,33 - CHESF,300,0,178 - XINGO       ,0 - NÃO HÁ,121,121,252,252,121,121,252,0,0,0,0,117,0,0,0,0,140,109,81,105,109,101,123,158,180,195,158,152,0,136,4,18,1 - Francis,1,1,100,0,1,1,0,4,Yes,2,6,410,398,113,0,0,0,0,0,0,0,0,0,0,0,0,0,0,0,0,0,0,0,0,0,0,0,0,0,0,0,0,0,0,0,0,0,0,0,0,0,0,0,0,0,0,0,0,0,0,0,0,0,0,0,0,0,0,0,0,0,0,0,0,0,0,0,0,0,0,0,0,0,0,0,0,0,0,0,0,0,0,0,0,0,0,0,0,0,0,0,0,0,0,0,129,0,0,0,0,0,0,0,0,0,0,0,0,0,0,0,0,0,0,0,0,0,0,0,0,0,0,0,0,0,42824,                                           ,121,D
176,COMP PAF-MOX,3 - Nordeste,33 - CHESF,176,0,178 - XINGO       ,0 - NÃO HÁ,1226,1226,252,252,1226,1226,252,0,0,0,0,213,0,0,0,0,163,88,47,35,55,41,81,138,190,227,235,202,0,138,4,18,1 - Francis,1,1,100,0,2,1,336,1,No,2,1,4280,4199,113,0,0,0,0,0,0,0,0,0,0,0,0,0,0,0,0,0,0,0,0,0,0,0,0,0,0,0,0,0,0,0,0,0,0,0,0,0,0,0,0,0,0,0,0,0,0,0,0,0,0,0,0,0,0,0,0,0,0,0,0,0,0,0,0,0,0,0,0,0,0,0,0,0,0,0,0,0,0,0,0,0,0,0,0,0,0,0,0,0,0,0,138,0,0,0,0,0,0,0,0,0,0,0,0,0,0,0,0,0,0,0,0,0,0,0,0,0,0,0,0,0,42824,                                           ,1226,D
178,XINGO       ,3 - Nordeste,33 - CHESF,178,0,0 - NÃO HÁ,0 - NÃO HÁ,3800,3800,138,138,3800,3800,138,0,0,0,0,60,0,0,0,0,163,88,47,35,55,41,81,138,190,227,235,202,0,17,9,2,1 - Francis,1,1,100,0,2,2,336,5,Yes,2,6,527,496,116,0,0,0,0,0,0,0,0,0,0,0,0,0,0,0,0,0,0,0,0,0,0,0,0,0,0,0,0,0,0,0,0,0,0,0,0,0,0,0,0,0,0,0,0,0,0,0,0,0,0,0,0,0,0,0,0,0,0,0,0,0,0,0,0,0,0,0,0,0,0,0,0,0,0,0,0,0,0,0,0,0,0,0,0,0,0,0,0,0,0,0,10,0,0,0,0,0,0,0,0,0,0,0,0,0,0,0,0,0,0,0,0,0,0,0,0,0,0,0,0,0,42824,                                           ,3800,D
180,TOCOS       ,1 - Sudeste,17 - Light,201,0,181 - SANTANA     ,124 - LAJES       ,2,2,448,448,2,2,448,0,0,0,0,1,0,0,0,0,0,4,24,22,19,19,15,18,22,8,6,6,0,440,0,0,0 - NÃO HÁ,0,1,100,0,1,0,3,0,No,2,0,0,0,0,0,0,0,0,0,0,0,0,0,0,0,0,0,0,0,0,0,0,0,0,0,0,0,0,0,0,0,0,0,0,0,0,0,0,0,0,0,0,0,0,0,0,0,0,0,0,0,0,0,0,0,0,0,0,0,0,0,0,0,0,0,0,0,0,0,0,0,0,0,0,0,0,0,0,0,0,0,0,0,0,0,0,0,0,0,0,0,0,0,0,0,440,0,0,0,0,0,0,0,0,0,0,0,0,0,0,0,0,0,0,0,0,0,0,0,0,0,0,0,0,0,42824,                                           ,2,D
181,SANTANA     ,1 - Sudeste,17 - Light,203,0,128 - ANTA        ,182 - VIGARIO     ,12,12,363,363,12,12,363,0,0,0,0,1,0,0,0,0,-15,-22,26,47,49,36,21,12,10,-7,-12,-2,0,356,0,0,0 - NÃO HÁ,0,1,100,0,1,0,4,0,No,2,0,0,0,0,0,0,0,0,0,0,0,0,0,0,0,0,0,0,0,0,0,0,0,0,0,0,0,0,0,0,0,0,0,0,0,0,0,0,0,0,0,0,0,0,0,0,0,0,0,0,0,0,0,0,0,0,0,0,0,0,0,0,0,0,0,0,0,0,0,0,0,0,0,0,0,0,0,0,0,0,0,0,0,0,0,0,0,0,0,0,0,0,0,0,0,356,0,0,0,0,0,0,0,0,0,0,0,0,0,0,0,0,0,0,0,0,0,0,0,0,0,0,0,0,0,42824,                                           ,12,D
182,VIGARIO     ,1 - Sudeste,17 - Light,300,0,131 - NILO PECANHA,184 - FONTES BC   ,38,38,399,399,38,38,399,0,0,0,0,1,0,0,0,0,0,0,0,0,0,0,0,0,0,0,0,0,0,398,0,0,0 - NÃO HÁ,0,1,100,0,1,0,0,0,No,2,0,0,0,0,0,0,0,0,0,0,0,0,0,0,0,0,0,0,0,0,0,0,0,0,0,0,0,0,0,0,0,0,0,0,0,0,0,0,0,0,0,0,0,0,0,0,0,0,0,0,0,0,0,0,0,0,0,0,0,0,0,0,0,0,0,0,0,0,0,0,0,0,0,0,0,0,0,0,0,0,0,0,0,0,0,0,0,0,0,0,0,0,0,0,0,398,0,0,0,0,0,0,0,0,0,0,0,0,0,0,0,0,0,0,0,0,0,0,0,0,0,0,0,0,0,42824,                                           ,38,D
183,FONTES A    ,1 - Sudeste,17 - Light,202,0,133 - P. PASSOS   ,0 - NÃO HÁ,467,467,415,415,467,467,415,0,0,0,0,1,0,0,0,0,0,0,0,0,0,0,0,0,0,0,0,0,0,90,3,3,1 - Francis,1,1,100,0,2,21,0,1,No,2,1,44,17,303,0,0,0,0,0,0,0,0,0,0,0,0,0,0,0,0,0,0,0,0,0,0,0,0,0,0,0,0,0,0,0,0,0,0,0,0,0,0,0,0,0,0,0,0,0,0,0,0,0,0,0,0,0,0,0,0,0,0,0,0,0,0,0,0,0,0,0,0,0,0,0,0,0,0,0,0,0,0,0,0,0,0,0,0,0,0,0,0,0,0,0,90,0,0,0,0,0,0,0,0,0,0,0,0,0,0,0,0,0,0,0,0,0,0,0,0,0,0,0,0,0,42824,                                           ,467,D
184,FONTES BC   ,1 - Sudeste,17 - Light,300,0,133 - P. PASSOS   ,0 - NÃO HÁ,38,38,399,399,38,38,399,0,0,0,0,1,0,0,0,0,0,0,0,0,0,0,0,0,0,0,0,0,0,90,3,3,1 - Francis,1,1,100,0,2,5,0,2,No,2,2,44,17,303,0,0,0,0,0,0,0,0,0,0,0,0,0,0,0,0,0,0,0,0,0,0,0,0,0,0,0,0,0,0,0,0,0,0,0,0,0,0,0,0,0,0,0,0,0,0,0,0,0,0,0,0,0,0,0,0,0,0,0,0,0,0,0,0,0,0,0,0,0,0,0,0,0,0,0,0,0,0,0,0,0,0,0,0,0,0,0,0,0,0,0,90,0,0,0,0,0,0,0,0,0,0,0,0,0,0,0,0,0,0,0,0,0,0,0,0,0,0,0,0,0,42824,                                           ,38,D
186,ITAOCARA I  ,1 - Sudeste,17 - Light,199,0,0 - NÃO HÁ,0 - NÃO HÁ,413,413,90,90,413,413,90,0,0,0,0,40,0,0,0,0,-15,0,47,75,77,58,35,-5,-6,-7,-16,-15,0,61,2,6,2 - Kaplan/Propeller,1,1,100,0,2,0,153,2,Yes,2,2,75,312,27,0,0,0,0,0,0,0,0,0,0,0,0,0,0,0,0,0,0,0,0,0,0,0,0,0,0,0,0,0,0,0,0,0,0,0,0,0,0,0,0,0,0,0,0,0,0,0,0,0,0,0,0,0,0,0,0,0,0,0,0,0,0,0,0,0,0,0,0,0,0,0,0,0,0,0,0,0,0,0,0,0,0,0,0,0,0,0,0,0,0,0,59,0,0,0,0,0,0,0,0,0,0,0,0,0,0,0,0,0,0,0,0,0,0,0,0,0,0,0,0,0,42824,                                           ,413,D
192,GUILMAN-AMOR,1 - Sudeste,18 - Cemig,262,0,193 - SA CARVALHO ,0 - NÃO HÁ,12,12,495,495,12,12,495,0,0,0,0,1,0,0,0,0,-38,-20,4,20,41,54,78,79,52,32,2,-22,0,376,5,8,1 - Francis,1,1,100,0,2,4,11,3,No,2,4,35,34,117,0,0,0,0,0,0,0,0,0,0,0,0,0,0,0,0,0,0,0,0,0,0,0,0,0,0,0,0,0,0,0,0,0,0,0,0,0,0,0,0,0,0,0,0,0,0,0,0,0,0,0,0,0,0,0,0,0,0,0,0,0,0,0,0,0,0,0,0,0,0,0,0,0,0,0,0,0,0,0,0,0,0,0,0,0,0,0,0,0,0,0,376,0,0,0,0,0,0,0,0,0,0,0,0,0,0,0,0,0,0,0,0,0,0,0,0,0,0,0,0,0,42824,                                           ,12,D
193,SA CARVALHO ,1 - Sudeste,18 - Cemig,183,0,141 - BAGUARI     ,0 - NÃO HÁ,1,1,370,370,1,1,370,0,0,0,0,0,0,0,0,0,-18,-13,10,33,61,70,76,55,39,26,10,-4,0,255,12,2,1 - Francis,3,1,100,0,2,6,12,2,Yes,2,2,15,16,109,1,18,19,109,1,30,32,109,0,0,0,0,0,0,0,0,0,0,0,0,0,0,0,0,0,0,0,0,0,0,0,0,0,0,0,0,0,0,0,0,0,0,0,0,0,0,0,0,0,0,0,0,0,0,0,0,0,0,0,0,0,0,0,0,0,0,0,0,0,0,0,0,0,0,0,0,0,0,0,0,0,0,0,0,0,0,0,0,0,0,0,255,0,0,0,0,0,0,0,0,0,0,0,0,0,0,0,0,0,0,0,0,0,0,0,0,0,0,0,0,0,42824,                                           ,1,D
194,TRAIRA II   ,1 - Sudeste,51 - Externas SE,265,0,143 - AIMORES     ,0 - NÃO HÁ,19,17,435,433,17,17,414,2,0,0,0,731,-3,0,0,0,-13,-2,30,54,67,65,59,36,27,23,16,7,0,298,2,7,1 - Francis,1,1,100,0,2,3,5,2,Yes,2,3,20,17,134,0,0,0,0,0,0,0,0,0,0,0,0,0,0,0,0,0,0,0,0,0,0,0,0,0,0,0,0,0,0,0,0,0,0,0,0,0,0,0,0,0,0,0,0,0,0,0,0,0,0,0,0,0,0,0,0,0,0,0,0,0,0,0,0,0,0,0,0,0,0,0,0,0,0,0,0,0,0,0,0,0,0,0,0,0,0,0,0,0,0,0,297,0,0,0,0,0,0,0,0,0,0,0,0,0,0,0,0,0,0,0,0,0,0,0,0,0,0,0,0,0,42824,                                           ,19,D
195,JAURU       ,1 - Sudeste,67 - ,295,0,0 - NÃO HÁ,0 - NÃO HÁ,17,16,355,355,17,16,350,0,0,0,0,-90,0,0,0,0,17,11,27,26,34,46,43,54,27,12,7,26,0,249,0,8,1 - Francis,2,1,100,0,2,4,55,2,Yes,2,2,39,42,103,1,39,43,103,0,0,0,0,0,0,0,0,0,0,0,0,0,0,0,0,0,0,0,0,0,0,0,0,0,0,0,0,0,0,0,0,0,0,0,0,0,0,0,0,0,0,0,0,0,0,0,0,0,0,0,0,0,0,0,0,0,0,0,0,0,0,0,0,0,0,0,0,0,0,0,0,0,0,0,0,0,0,0,0,0,0,0,0,0,0,0,248,0,0,0,0,0,0,0,0,0,0,0,0,0,0,0,0,0,0,0,0,0,0,0,0,0,0,0,0,0,42824,                                           ,17,D
196,GUAPORE     ,1 - Sudeste,70 - E MORAES_x000C_ESTREITO    _x000C_JAGUARA     ,296,0,285 - JIRAU       ,0 - NÃO HÁ,21,21,479,479,21,21,479,0,0,0,0,4,0,0,0,0,16,5,16,18,28,36,39,43,32,11,7,20,0,305,1,2,1 - Francis,1,1,100,0,2,7,26,2,Yes,2,3,40,28,167,0,0,0,0,0,0,0,0,0,0,0,0,0,0,0,0,0,0,0,0,0,0,0,0,0,0,0,0,0,0,0,0,0,0,0,0,0,0,0,0,0,0,0,0,0,0,0,0,0,0,0,0,0,0,0,0,0,0,0,0,0,0,0,0,0,0,0,0,0,0,0,0,0,0,0,0,0,0,0,0,0,0,0,0,0,0,0,0,0,0,0,302,0,0,0,0,0,0,0,0,0,0,0,0,0,0,0,0,0,0,0,0,0,0,0,0,0,0,0,0,0,42824,                                           ,21,D
204,CACH.CALDEIR,4 - Norte,278 - ONSO 4  _x000C_COMP PAF-MOX_x000C_            ,204,0,280 - COARACY NUNE,0 - NÃO HÁ,231,231,58,58,231,231,47,0,0,0,0,15566,-1283,40,-1,0,51,38,25,8,-11,-21,-20,-21,-10,9,30,43,0,42,3,8,2 - Kaplan/Propeller,1,1,100,0,2,0,43,2,Yes,2,3,73,547,15,0,0,0,0,0,0,0,0,0,0,0,0,0,0,0,0,0,0,0,0,0,0,0,0,0,0,0,0,0,0,0,0,0,0,0,0,0,0,0,0,0,0,0,0,0,0,0,0,0,0,0,0,0,0,0,0,0,0,0,0,0,0,0,0,0,0,0,0,0,0,0,0,0,0,0,0,0,0,0,0,0,0,0,0,0,0,0,0,0,0,0,42,0,0,0,0,0,0,0,0,0,0,0,0,0,0,0,0,0,0,0,0,0,0,0,0,0,0,0,0,0,42824,                                           ,231,D
215,SALTO PILAO ,2 - Sul,134 - ,101,0,0 - NÃO HÁ,0 - NÃO HÁ,0,0,319,318,0,0,317,15,-38,66,-43,1038,-7,0,0,0,20,14,19,22,22,17,15,20,18,10,15,20,0,113,0,4,1 - Francis,1,1,100,0,2,8,9,2,Yes,2,2,96,55,194,0,0,0,0,0,0,0,0,0,0,0,0,0,0,0,0,0,0,0,0,0,0,0,0,0,0,0,0,0,0,0,0,0,0,0,0,0,0,0,0,0,0,0,0,0,0,0,0,0,0,0,0,0,0,0,0,0,0,0,0,0,0,0,0,0,0,0,0,0,0,0,0,0,0,0,0,0,0,0,0,0,0,0,0,0,0,0,0,0,0,0,112,0,0,0,0,0,0,0,0,0,0,0,0,0,0,0,0,0,0,0,0,0,0,0,0,0,0,0,0,0,42824,                                           ,0,D
217,ROSAL       ,1 - Sudeste,18 - Cemig,196,0,0 - NÃO HÁ,0 - NÃO HÁ,11,11,555,555,11,11,555,0,0,0,0,1,0,0,0,0,-13,1,43,51,74,65,44,26,21,10,-5,-2,0,360,13,2,1 - Francis,1,1,100,0,2,7,3,2,No,2,2,28,16,186,0,0,0,0,0,0,0,0,0,0,0,0,0,0,0,0,0,0,0,0,0,0,0,0,0,0,0,0,0,0,0,0,0,0,0,0,0,0,0,0,0,0,0,0,0,0,0,0,0,0,0,0,0,0,0,0,0,0,0,0,0,0,0,0,0,0,0,0,0,0,0,0,0,0,0,0,0,0,0,0,0,0,0,0,0,0,0,0,0,0,0,359,0,0,0,0,0,0,0,0,0,0,0,0,0,0,0,0,0,0,0,0,0,0,0,0,0,0,0,0,0,42824,                                           ,11,D
225,SLT APIACAS ,1 - Sudeste,95 - NC1_x000C_CAPIM BRANC2_x000C_CORUMBA IV  ,225,0,0 - NÃO HÁ,0 - NÃO HÁ,2,2,248,248,2,2,248,0,0,0,0,1,0,0,0,0,24,2,8,4,18,31,36,54,40,31,40,49,0,221,2,7,2 - Kaplan/Propeller,1,1,100,0,2,1,3,2,No,2,3,15,68,26,0,0,0,0,0,0,0,0,0,0,0,0,0,0,0,0,0,0,0,0,0,0,0,0,0,0,0,0,0,0,0,0,0,0,0,0,0,0,0,0,0,0,0,0,0,0,0,0,0,0,0,0,0,0,0,0,0,0,0,0,0,0,0,0,0,0,0,0,0,0,0,0,0,0,0,0,0,0,0,0,0,0,0,0,0,0,0,0,0,0,0,221,0,0,0,0,0,0,0,0,0,0,0,0,0,0,0,0,0,0,0,0,0,0,0,0,0,0,0,0,0,42824,                                           ,2,D
228,COLIDER     ,1 - Sudeste,23 - Copel,228,0,229 - TELES PIRES ,0 - NÃO HÁ,1525,1525,272,272,1525,1525,255,0,0,0,0,21652770,-330311,1889,-5,0,24,6,11,11,34,42,43,62,48,30,34,44,0,249,2,6,2 - Kaplan/Propeller,1,1,100,0,2,0,288,3,Yes,2,3,100,517,21,0,0,0,0,0,0,0,0,0,0,0,0,0,0,0,0,0,0,0,0,0,0,0,0,0,0,0,0,0,0,0,0,0,0,0,0,0,0,0,0,0,0,0,0,0,0,0,0,0,0,0,0,0,0,0,0,0,0,0,0,0,0,0,0,0,0,0,0,0,0,0,0,0,0,0,0,0,0,0,0,0,0,0,0,0,0,0,0,0,0,0,246,0,0,0,0,0,0,0,0,0,0,0,0,0,0,0,0,0,0,0,0,0,0,0,0,0,0,0,0,0,42824,                                           ,1525,D
229,TELES PIRES ,1 - Sudeste,224 - ,229,0,230 - SAO MANOEL  ,0 - NÃO HÁ,897,897,220,220,897,897,196,0,0,0,0,3038396,-58760,426,-1,0,40,35,44,6,6,9,15,30,39,6,40,57,0,164,3,13,1 - Francis,1,1,100,0,2,1,313,3,Yes,2,5,364,772,52,0,0,0,0,0,0,0,0,0,0,0,0,0,0,0,0,0,0,0,0,0,0,0,0,0,0,0,0,0,0,0,0,0,0,0,0,0,0,0,0,0,0,0,0,0,0,0,0,0,0,0,0,0,0,0,0,0,0,0,0,0,0,0,0,0,0,0,0,0,0,0,0,0,0,0,0,0,0,0,0,0,0,0,0,0,0,0,0,0,0,0,161,0,0,0,0,0,0,0,0,0,0,0,0,0,0,0,0,0,0,0,0,0,0,0,0,0,0,0,0,0,42824,                                           ,897,D
230,SAO MANOEL  ,1 - Sudeste,19 - Furnas,230,0,0 - NÃO HÁ,0 - NÃO HÁ,577,577,161,161,577,577,144,0,0,0,0,2374181,-60872,585,-2,0,43,52,71,-10,-11,-3,7,23,33,7,41,58,0,137,3,8,2 - Kaplan/Propeller,1,1,100,0,2,0,316,4,Yes,2,5,140,761,20,0,0,0,0,0,0,0,0,0,0,0,0,0,0,0,0,0,0,0,0,0,0,0,0,0,0,0,0,0,0,0,0,0,0,0,0,0,0,0,0,0,0,0,0,0,0,0,0,0,0,0,0,0,0,0,0,0,0,0,0,0,0,0,0,0,0,0,0,0,0,0,0,0,0,0,0,0,0,0,0,0,0,0,0,0,0,0,0,0,0,0,132,0,0,0,0,0,0,0,0,0,0,0,0,0,0,0,0,0,0,0,0,0,0,0,0,0,0,0,0,0,42824,                                           ,577,D
241,SLT VERDINHO,1 - Sudeste,65 -          _x000C_FUNIL-GRA,241,0,34 - I. SOLTEIRA ,0 - NÃO HÁ,264,264,371,371,264,264,371,0,0,0,0,37,0,0,0,0,14,14,27,46,65,67,63,64,65,23,9,30,0,329,0,4,1 - Francis,1,1,100,0,2,1,92,2,Yes,2,2,47,127,41,0,0,0,0,0,0,0,0,0,0,0,0,0,0,0,0,0,0,0,0,0,0,0,0,0,0,0,0,0,0,0,0,0,0,0,0,0,0,0,0,0,0,0,0,0,0,0,0,0,0,0,0,0,0,0,0,0,0,0,0,0,0,0,0,0,0,0,0,0,0,0,0,0,0,0,0,0,0,0,0,0,0,0,0,0,0,0,0,0,0,0,327,0,0,0,0,0,0,0,0,0,0,0,0,0,0,0,0,0,0,0,0,0,0,0,0,0,0,0,0,0,42824,                                           ,264,D
249,OURINHOS    ,1 - Sudeste,65 -          _x000C_FUNIL-GRA,249,0,50 - L.N. GARCEZ ,0 - NÃO HÁ,21,21,398,398,21,21,398,0,0,0,0,4,0,0,0,0,29,22,42,59,64,52,41,41,47,21,12,36,0,387,10,4,2 - Kaplan/Propeller,1,1,100,0,2,0,74,2,No,2,3,15,162,10,0,0,0,0,0,0,0,0,0,0,0,0,0,0,0,0,0,0,0,0,0,0,0,0,0,0,0,0,0,0,0,0,0,0,0,0,0,0,0,0,0,0,0,0,0,0,0,0,0,0,0,0,0,0,0,0,0,0,0,0,0,0,0,0,0,0,0,0,0,0,0,0,0,0,0,0,0,0,0,0,0,0,0,0,0,0,0,0,0,0,0,386,0,0,0,0,0,0,0,0,0,0,0,0,0,0,0,0,0,0,0,0,0,0,0,0,0,0,0,0,0,42824,                                           ,21,D
252,CANA BRAVA  ,1 - Sudeste,24 - Eletrosul,191,0,253 - SAO SALVADOR,0 - NÃO HÁ,2300,2300,333,330,2300,2300,333,0,0,0,0,139,0,0,0,0,31,8,18,27,49,62,71,80,97,60,47,36,0,287,0,5,1 - Francis,1,1,100,0,2,1,102,2,No,2,3,150,385,44,0,0,0,0,0,0,0,0,0,0,0,0,0,0,0,0,0,0,0,0,0,0,0,0,0,0,0,0,0,0,0,0,0,0,0,0,0,0,0,0,0,0,0,0,0,0,0,0,0,0,0,0,0,0,0,0,0,0,0,0,0,0,0,0,0,0,0,0,0,0,0,0,0,0,0,0,0,0,0,0,0,0,0,0,0,0,0,0,0,0,0,284,0,0,0,0,0,0,0,0,0,0,0,0,0,0,0,0,0,0,0,0,0,0,0,0,0,0,0,0,0,42824,                                           ,2300,D
253,SAO SALVADOR,1 - Sudeste,24 - Eletrosul,253,0,257 - PEIXE ANGIC ,0 - NÃO HÁ,952,952,287,287,952,952,265,0,0,0,0,104,0,0,0,0,32,7,15,21,42,55,60,71,91,61,46,36,0,263,1,13,2 - Kaplan/Propeller,1,1,100,0,2,1,107,2,Yes,2,2,122,585,23,0,0,0,0,0,0,0,0,0,0,0,0,0,0,0,0,0,0,0,0,0,0,0,0,0,0,0,0,0,0,0,0,0,0,0,0,0,0,0,0,0,0,0,0,0,0,0,0,0,0,0,0,0,0,0,0,0,0,0,0,0,0,0,0,0,0,0,0,0,0,0,0,0,0,0,0,0,0,0,0,0,0,0,0,0,0,0,0,0,0,0,263,0,0,0,0,0,0,0,0,0,0,0,0,0,0,0,0,0,0,0,0,0,0,0,0,0,0,0,0,0,42824,                                           ,952,D
261,LAJEADO     ,1 - Sudeste,86 - TALHA     _x000C_SERRA FACAO _x000C_BOCAINA     ,273,0,267 - ESTREITO TOC,0 - NÃO HÁ,4940,4940,212,212,4940,4940,212,0,0,0,0,626,0,0,0,0,12,7,9,3,15,42,66,78,79,48,26,30,0,176,2,6,2 - Kaplan/Propeller,1,1,100,0,2,1,259,3,Yes,2,5,181,680,29,0,0,0,0,0,0,0,0,0,0,0,0,0,0,0,0,0,0,0,0,0,0,0,0,0,0,0,0,0,0,0,0,0,0,0,0,0,0,0,0,0,0,0,0,0,0,0,0,0,0,0,0,0,0,0,0,0,0,0,0,0,0,0,0,0,0,0,0,0,0,0,0,0,0,0,0,0,0,0,0,0,0,0,0,0,0,0,0,0,0,0,171,0,0,0,0,0,0,0,0,0,0,0,0,0,0,0,0,0,0,0,0,0,0,0,0,0,0,0,0,0,42824,                                           ,4940,D
262,SALTO       ,1 - Sudeste,132 -       _x000C_SAO JERONIMO,294,0,241 - SLT VERDINHO,0 - NÃO HÁ,826,826,447,447,826,826,447,0,0,0,0,60,0,0,0,0,12,8,23,42,64,70,68,69,66,19,5,25,0,395,1,1,1 - Francis,1,1,100,0,2,1,85,2,Yes,2,2,58,130,50,0,0,0,0,0,0,0,0,0,0,0,0,0,0,0,0,0,0,0,0,0,0,0,0,0,0,0,0,0,0,0,0,0,0,0,0,0,0,0,0,0,0,0,0,0,0,0,0,0,0,0,0,0,0,0,0,0,0,0,0,0,0,0,0,0,0,0,0,0,0,0,0,0,0,0,0,0,0,0,0,0,0,0,0,0,0,0,0,0,0,0,394,0,0,0,0,0,0,0,0,0,0,0,0,0,0,0,0,0,0,0,0,0,0,0,0,0,0,0,0,0,42824,                                           ,826,D
267,ESTREITO TOC,4 - Norte,24 - Eletrosul,271,0,268 - S. QUEBRADA ,0 - NÃO HÁ,5400,5400,156,156,5400,5400,156,0,0,0,0,590,0,0,0,0,12,5,4,-2,2,29,52,72,75,69,41,29,0,133,2,5,2 - Kaplan/Propeller,1,1,100,0,2,1,585,6,Yes,2,8,136,785,19,0,0,0,0,0,0,0,0,0,0,0,0,0,0,0,0,0,0,0,0,0,0,0,0,0,0,0,0,0,0,0,0,0,0,0,0,0,0,0,0,0,0,0,0,0,0,0,0,0,0,0,0,0,0,0,0,0,0,0,0,0,0,0,0,0,0,0,0,0,0,0,0,0,0,0,0,0,0,0,0,0,0,0,0,0,0,0,0,0,0,0,127,0,0,0,0,0,0,0,0,0,0,0,0,0,0,0,0,0,0,0,0,0,0,0,0,0,0,0,0,0,42824,                                           ,5400,D
268,S. QUEBRADA ,4 - Norte,54 - Externas Norte,274,0,275 - TUCURUI     ,0 - NÃO HÁ,4130,4130,134,134,4130,4130,134,0,0,0,0,420,0,0,0,0,25,20,6,-5,-3,1,22,31,67,68,37,15,0,106,3,8,2 - Kaplan/Propeller,1,1,100,0,2,0,592,5,Yes,2,8,166,657,28,0,0,0,0,0,0,0,0,0,0,0,0,0,0,0,0,0,0,0,0,0,0,0,0,0,0,0,0,0,0,0,0,0,0,0,0,0,0,0,0,0,0,0,0,0,0,0,0,0,0,0,0,0,0,0,0,0,0,0,0,0,0,0,0,0,0,0,0,0,0,0,0,0,0,0,0,0,0,0,0,0,0,0,0,0,0,0,0,0,0,0,103,0,0,0,0,0,0,0,0,0,0,0,0,0,0,0,0,0,0,0,0,0,0,0,0,0,0,0,0,0,42824,                                           ,4130,D
269,COUTO MAGALH,1 - Sudeste,124 - ,187,0,273 - SANTA ISABEL,0 - NÃO HÁ,71,71,623,623,71,71,623,0,0,0,0,9,0,0,0,0,12,-5,13,25,44,58,66,77,75,25,22,24,0,471,2,5,1 - Francis,1,1,100,0,2,2,36,3,No,2,4,38,29,145,0,0,0,0,0,0,0,0,0,0,0,0,0,0,0,0,0,0,0,0,0,0,0,0,0,0,0,0,0,0,0,0,0,0,0,0,0,0,0,0,0,0,0,0,0,0,0,0,0,0,0,0,0,0,0,0,0,0,0,0,0,0,0,0,0,0,0,0,0,0,0,0,0,0,0,0,0,0,0,0,0,0,0,0,0,0,0,0,0,0,0,468,0,0,0,0,0,0,0,0,0,0,0,0,0,0,0,0,0,0,0,0,0,0,0,0,0,0,0,0,0,42824,                                           ,71,D
273,SANTA ISABEL,4 - Norte,135 - ,276,0,275 - TUCURUI     ,0 - NÃO HÁ,1850,1850,125,125,1850,1850,125,0,0,0,0,240,0,0,0,0,6,1,-2,-7,0,18,38,58,70,60,32,20,0,98,3,8,2 - Kaplan/Propeller,1,1,100,0,2,1,356,5,Yes,2,8,136,723,21,0,0,0,0,0,0,0,0,0,0,0,0,0,0,0,0,0,0,0,0,0,0,0,0,0,0,0,0,0,0,0,0,0,0,0,0,0,0,0,0,0,0,0,0,0,0,0,0,0,0,0,0,0,0,0,0,0,0,0,0,0,0,0,0,0,0,0,0,0,0,0,0,0,0,0,0,0,0,0,0,0,0,0,0,0,0,0,0,0,0,0,94,0,0,0,0,0,0,0,0,0,0,0,0,0,0,0,0,0,0,0,0,0,0,0,0,0,0,0,0,0,42824,                                           ,1850,D
280,COARACY NUNE,4 - Norte,37 - Eletronorte,280,30400080,284 - FERREIRA GOM,0 - NÃO HÁ,139,25,42,35,25,25,31,0,0,0,0,-5104,573,-24,0,0,60,49,38,19,-4,-20,-31,-41,-32,-9,22,46,0,22,2,7,2 - Kaplan/Propeller,2,1,100,0,2,0,43,2,No,2,2,24,123,22,1,30,153,22,0,0,0,0,0,0,0,0,0,0,0,0,0,0,0,0,0,0,0,0,0,0,0,0,0,0,0,0,0,0,0,0,0,0,0,0,0,0,0,0,0,0,0,0,0,0,0,0,0,0,0,0,0,0,0,0,0,0,0,0,0,0,0,0,0,0,0,0,0,0,0,0,0,0,0,0,0,0,0,0,0,0,0,0,0,0,0,21,0,0,0,0,0,0,0,0,0,0,0,0,0,0,0,0,0,0,0,0,0,0,0,0,0,0,0,0,0,42824,                                           ,139,D
281,PONTE PEDRA ,1 - Sudeste,24 - Eletrosul,281,0,0 - NÃO HÁ,0 - NÃO HÁ,199,199,396,396,199,199,396,0,0,0,0,19,0,0,0,0,16,11,20,27,55,51,48,61,67,-1,-10,9,0,149,0,4,1 - Francis,1,1,100,0,2,4,28,3,No,2,3,59,26,243,0,0,0,0,0,0,0,0,0,0,0,0,0,0,0,0,0,0,0,0,0,0,0,0,0,0,0,0,0,0,0,0,0,0,0,0,0,0,0,0,0,0,0,0,0,0,0,0,0,0,0,0,0,0,0,0,0,0,0,0,0,0,0,0,0,0,0,0,0,0,0,0,0,0,0,0,0,0,0,0,0,0,0,0,0,0,0,0,0,0,0,147,0,0,0,0,0,0,0,0,0,0,0,0,0,0,0,0,0,0,0,0,0,0,0,0,0,0,0,0,0,42824,                                           ,199,D
282,OLHO DAGUA  ,1 - Sudeste,130 - ,282,0,34 - I. SOLTEIRA ,0 - NÃO HÁ,480,480,490,490,480,480,490,0,0,0,0,34,0,0,0,0,13,7,23,41,64,70,70,71,69,19,8,25,0,439,2,7,1 - Francis,1,1,100,0,2,2,27,2,Yes,2,2,17,37,51,0,0,0,0,0,0,0,0,0,0,0,0,0,0,0,0,0,0,0,0,0,0,0,0,0,0,0,0,0,0,0,0,0,0,0,0,0,0,0,0,0,0,0,0,0,0,0,0,0,0,0,0,0,0,0,0,0,0,0,0,0,0,0,0,0,0,0,0,0,0,0,0,0,0,0,0,0,0,0,0,0,0,0,0,0,0,0,0,0,0,0,437,0,0,0,0,0,0,0,0,0,0,0,0,0,0,0,0,0,0,0,0,0,0,0,0,0,0,0,0,0,42824,                                           ,480,D
283,STA CLARA MG,1 - Sudeste,76 - P. COLOMBIA ,283,0,0 - NÃO HÁ,0 - NÃO HÁ,146,146,86,86,146,146,86,0,0,0,0,8,0,0,0,0,-25,-8,30,53,61,59,40,15,18,10,-8,-9,0,33,0,5,1 - Francis,1,1,100,0,2,1,5,2,No,2,3,20,44,53,0,0,0,0,0,0,0,0,0,0,0,0,0,0,0,0,0,0,0,0,0,0,0,0,0,0,0,0,0,0,0,0,0,0,0,0,0,0,0,0,0,0,0,0,0,0,0,0,0,0,0,0,0,0,0,0,0,0,0,0,0,0,0,0,0,0,0,0,0,0,0,0,0,0,0,0,0,0,0,0,0,0,0,0,0,0,0,0,0,0,0,32,0,0,0,0,0,0,0,0,0,0,0,0,0,0,0,0,0,0,0,0,0,0,0,0,0,0,0,0,0,42824,                                           ,146,D
284,FERREIRA GOM,4 - Norte,239 - ,297,0,0 - NÃO HÁ,0 - NÃO HÁ,137,137,21,21,137,137,8,0,0,0,0,23,-5,0,0,0,57,42,30,12,-8,-24,-26,-28,-16,6,30,48,0,3,2,7,2 - Kaplan/Propeller,1,1,100,0,2,0,43,2,No,2,3,84,574,16,0,0,0,0,0,0,0,0,0,0,0,0,0,0,0,0,0,0,0,0,0,0,0,0,0,0,0,0,0,0,0,0,0,0,0,0,0,0,0,0,0,0,0,0,0,0,0,0,0,0,0,0,0,0,0,0,0,0,0,0,0,0,0,0,0,0,0,0,0,0,0,0,0,0,0,0,0,0,0,0,0,0,0,0,0,0,0,0,0,0,0,2,0,0,0,0,0,0,0,0,0,0,0,0,0,0,0,0,0,0,0,0,0,0,0,0,0,0,0,0,0,42824,                                           ,137,D
285,JIRAU       ,1 - Sudeste,236 - I     _x000C_            _x000C_AIMORES     _x000C_MASCARENHA,285,0,287 - STO ANTONIO ,0 - NÃO HÁ,2747,2747,90,90,2747,2747,66,0,0,0,0,-78804,2902,-36,0,0,-80,-67,-93,-81,-74,-29,11,41,-25,-82,-66,-81,0,73,1,0,2 - Kaplan/Propeller,1,1,100,0,2,0,1386,30,Yes,2,50,75,538,15,0,0,0,0,0,0,0,0,0,0,0,0,0,0,0,0,0,0,0,0,0,0,0,0,0,0,0,0,0,0,0,0,0,0,0,0,0,0,0,0,0,0,0,0,0,0,0,0,0,0,0,0,0,0,0,0,0,0,0,0,0,0,0,0,0,0,0,0,0,0,0,0,0,0,0,0,0,0,0,0,0,0,0,0,0,0,0,0,0,0,0,71,0,0,0,0,0,0,0,0,0,0,0,0,0,0,0,0,0,0,0,0,0,0,0,0,0,0,0,0,0,42824,                                           ,2747,D
286,STO ANT JARI,4 - Norte,240 - _x000C_            ,290,0,0 - NÃO HÁ,0 - NÃO HÁ,133,105,30,29,105,105,14,0,0,0,0,-51560,5116,-169,2,0,48,41,38,17,-9,-21,-27,-34,-23,-12,18,29,0,4,3,10,2 - Kaplan/Propeller,1,1,100,0,2,1,33,2,Yes,2,3,123,556,24,0,0,0,0,0,0,0,0,0,0,0,0,0,0,0,0,0,0,0,0,0,0,0,0,0,0,0,0,0,0,0,0,0,0,0,0,0,0,0,0,0,0,0,0,0,0,0,0,0,0,0,0,0,0,0,0,0,0,0,0,0,0,0,0,0,0,0,0,0,0,0,0,0,0,0,0,0,0,0,0,0,0,0,0,0,0,0,0,0,0,0,2,0,0,0,0,0,0,0,0,0,0,0,0,0,0,0,0,0,0,0,0,0,0,0,0,0,0,0,0,0,42824,                                           ,133,D
287,STO ANTONIO ,1 - Sudeste,218 - ,287,0,0 - NÃO HÁ,0 - NÃO HÁ,2075,2075,71,71,2075,2075,71,0,0,0,0,271,0,0,0,0,-80,-67,-93,-81,-74,-29,11,41,-25,-82,-66,-81,0,55,2,2,2 - Kaplan/Propeller,2,1,100,0,2,0,1407,33,Yes,2,24,73,598,14,26,70,568,14,0,0,0,0,0,0,0,0,0,0,0,0,0,0,0,0,0,0,0,0,0,0,0,0,0,0,0,0,0,0,0,0,0,0,0,0,0,0,0,0,0,0,0,0,0,0,0,0,0,0,0,0,0,0,0,0,0,0,0,0,0,0,0,0,0,0,0,0,0,0,0,0,0,0,0,0,0,0,0,0,0,0,0,0,0,0,0,43,0,0,0,0,0,0,0,0,0,0,0,0,0,0,0,0,0,0,0,0,0,0,0,0,0,0,0,0,0,42824,                                           ,2075,D
288,BELO MONTE  ,4 - Norte,37 - Eletronorte,300,18990080,0 - NÃO HÁ,0 - NÃO HÁ,4802,4802,97,97,4802,4802,77,0,0,0,0,203665,-9270,158,-1,0,20,17,8,1,-8,-13,-20,-20,-4,18,41,34,0,6,3,0,1 - Francis,1,1,100,0,2,3,0,8,Yes,2,18,611,775,87,0,0,0,0,0,0,0,0,0,0,0,0,0,0,0,0,0,0,0,0,0,0,0,0,0,0,0,0,0,0,0,0,0,0,0,0,0,0,0,0,0,0,0,0,0,0,0,0,0,0,0,0,0,0,0,0,0,0,0,0,0,0,0,0,0,0,0,0,0,0,0,0,0,0,0,0,0,0,0,0,0,0,0,0,0,0,0,0,0,0,0,3,0,0,0,0,0,0,0,0,0,0,0,0,0,0,0,0,0,0,0,0,0,0,0,0,0,0,0,0,0,42824,                                           ,4802,D
289,ITUMIRIM    ,1 - Sudeste,127 -        _x000C_STA BRANCA ,289,0,290 - ESPORA      ,0 - NÃO HÁ,319,319,680,680,319,319,680,0,0,0,0,55,0,0,0,0,12,4,23,36,55,61,66,79,71,27,21,27,0,583,2,7,1 - Francis,1,1,100,0,2,6,18,2,Yes,2,2,25,31,91,0,0,0,0,0,0,0,0,0,0,0,0,0,0,0,0,0,0,0,0,0,0,0,0,0,0,0,0,0,0,0,0,0,0,0,0,0,0,0,0,0,0,0,0,0,0,0,0,0,0,0,0,0,0,0,0,0,0,0,0,0,0,0,0,0,0,0,0,0,0,0,0,0,0,0,0,0,0,0,0,0,0,0,0,0,0,0,0,0,0,0,578,0,0,0,0,0,0,0,0,0,0,0,0,0,0,0,0,0,0,0,0,0,0,0,0,0,0,0,0,0,42824,                                           ,319,D
292,FICT.CANA BR,4 - Norte,24 - Eletrosul,191,0,306 - FICT.SAO SAL,0 - NÃO HÁ,2300,2300,333,330,2300,2300,333,0,0,0,0,139,0,0,0,0,31,8,18,27,49,62,71,80,97,60,47,36,0,287,0,0,1 - Francis,1,1,100,0,2,1,102,2,No,2,0,150,385,44,0,0,0,0,0,0,0,0,0,0,0,0,0,0,0,0,0,0,0,0,0,0,0,0,0,0,0,0,0,0,0,0,0,0,0,0,0,0,0,0,0,0,0,0,0,0,0,0,0,0,0,0,0,0,0,0,0,0,0,0,0,0,0,0,0,0,0,0,0,0,0,0,0,0,0,0,0,0,0,0,0,0,0,0,0,0,0,0,0,0,0,284,0,0,0,0,0,0,0,0,0,0,0,0,0,0,0,0,0,0,0,0,0,0,0,0,0,0,0,0,0,42824,                                           ,2300,D
299,FICT.COUTO M,4 - Norte,124 - ,187,0,273 - SANTA ISABEL,0 - NÃO HÁ,71,71,623,623,71,71,623,0,0,0,0,9,0,0,0,0,12,-5,13,25,44,58,66,77,75,25,22,24,0,471,0,0,1 - Francis,1,1,100,0,2,2,36,3,No,2,0,38,29,145,0,0,0,0,0,0,0,0,0,0,0,0,0,0,0,0,0,0,0,0,0,0,0,0,0,0,0,0,0,0,0,0,0,0,0,0,0,0,0,0,0,0,0,0,0,0,0,0,0,0,0,0,0,0,0,0,0,0,0,0,0,0,0,0,0,0,0,0,0,0,0,0,0,0,0,0,0,0,0,0,0,0,0,0,0,0,0,0,0,0,0,468,0,0,0,0,0,0,0,0,0,0,0,0,0,0,0,0,0,0,0,0,0,0,0,0,0,0,0,0,0,42824,                                           ,71,D
302,FICT.LAJEADO,4 - Norte,86 - TALHA     _x000C_SERRA FACAO _x000C_BOCAINA     ,273,0,267 - ESTREITO TOC,0 - NÃO HÁ,4940,4940,212,212,4940,4940,212,0,0,0,0,626,0,0,0,0,12,7,9,3,15,42,66,78,79,48,26,30,0,176,0,0,2 - Kaplan/Propeller,1,1,100,0,2,1,259,3,Yes,2,0,181,680,29,0,0,0,0,0,0,0,0,0,0,0,0,0,0,0,0,0,0,0,0,0,0,0,0,0,0,0,0,0,0,0,0,0,0,0,0,0,0,0,0,0,0,0,0,0,0,0,0,0,0,0,0,0,0,0,0,0,0,0,0,0,0,0,0,0,0,0,0,0,0,0,0,0,0,0,0,0,0,0,0,0,0,0,0,0,0,0,0,0,0,0,171,0,0,0,0,0,0,0,0,0,0,0,0,0,0,0,0,0,0,0,0,0,0,0,0,0,0,0,0,0,42824,                                           ,4940,D
304,ITIQUIRA I  ,1 - Sudeste,235 -  _x000C_BAGUARI     ,259,0,305 - ITIQUIRA II ,0 - NÃO HÁ,5,5,412,412,5,5,412,0,0,0,0,2,0,0,0,0,12,7,14,19,41,34,45,73,72,14,19,19,0,320,1,7,1 - Francis,1,1,100,0,2,6,17,2,No,2,2,30,40,86,0,0,0,0,0,0,0,0,0,0,0,0,0,0,0,0,0,0,0,0,0,0,0,0,0,0,0,0,0,0,0,0,0,0,0,0,0,0,0,0,0,0,0,0,0,0,0,0,0,0,0,0,0,0,0,0,0,0,0,0,0,0,0,0,0,0,0,0,0,0,0,0,0,0,0,0,0,0,0,0,0,0,0,0,0,0,0,0,0,0,0,320,0,0,0,0,0,0,0,0,0,0,0,0,0,0,0,0,0,0,0,0,0,0,0,0,0,0,0,0,0,42824,                                           ,5,D
305,ITIQUIRA II ,1 - Sudeste,235 -  _x000C_BAGUARI     ,252,0,0 - NÃO HÁ,0 - NÃO HÁ,1,1,320,320,1,1,320,0,0,0,0,0,0,0,0,0,12,7,14,19,41,34,45,73,72,14,19,19,0,181,2,6,1 - Francis,1,1,100,0,2,2,17,2,Yes,2,2,48,39,135,0,0,0,0,0,0,0,0,0,0,0,0,0,0,0,0,0,0,0,0,0,0,0,0,0,0,0,0,0,0,0,0,0,0,0,0,0,0,0,0,0,0,0,0,0,0,0,0,0,0,0,0,0,0,0,0,0,0,0,0,0,0,0,0,0,0,0,0,0,0,0,0,0,0,0,0,0,0,0,0,0,0,0,0,0,0,0,0,0,0,0,179,0,0,0,0,0,0,0,0,0,0,0,0,0,0,0,0,0,0,0,0,0,0,0,0,0,0,0,0,0,42824,                                           ,1,D
306,FICT.SAO SAL,4 - Norte,24 - Eletrosul,253,0,303 - FICT.PEIXE A,0 - NÃO HÁ,952,952,287,287,952,952,265,0,0,0,0,104,0,0,0,0,32,7,15,21,42,55,60,71,91,61,46,36,0,263,0,0,2 - Kaplan/Propeller,1,1,100,0,2,1,107,2,Yes,2,0,122,585,23,0,0,0,0,0,0,0,0,0,0,0,0,0,0,0,0,0,0,0,0,0,0,0,0,0,0,0,0,0,0,0,0,0,0,0,0,0,0,0,0,0,0,0,0,0,0,0,0,0,0,0,0,0,0,0,0,0,0,0,0,0,0,0,0,0,0,0,0,0,0,0,0,0,0,0,0,0,0,0,0,0,0,0,0,0,0,0,0,0,0,0,263,0,0,0,0,0,0,0,0,0,0,0,0,0,0,0,0,0,0,0,0,0,0,0,0,0,0,0,0,0,42824,                                           ,952,D
307,FICT.MURTA  ,3 - Nordeste,129 - ,258,0,154 - ITAPEBI     ,0 - NÃO HÁ,340,339,330,330,339,339,290,0,0,0,0,2385,-20,0,0,0,1,11,50,81,85,80,66,50,67,37,26,15,0,288,0,0,1 - Francis,1,1,100,0,2,1,7,2,Yes,2,0,40,111,40,0,0,0,0,0,0,0,0,0,0,0,0,0,0,0,0,0,0,0,0,0,0,0,0,0,0,0,0,0,0,0,0,0,0,0,0,0,0,0,0,0,0,0,0,0,0,0,0,0,0,0,0,0,0,0,0,0,0,0,0,0,0,0,0,0,0,0,0,0,0,0,0,0,0,0,0,0,0,0,0,0,0,0,0,0,0,0,0,0,0,0,286,0,0,0,0,0,0,0,0,0,0,0,0,0,0,0,0,0,0,0,0,0,0,0,0,0,0,0,0,0,42824,                                           ,340,D
310,DARDANELOS  ,1 - Sudeste,224 - ,291,0,0 - NÃO HÁ,0 - NÃO HÁ,0,0,214,214,0,0,214,0,0,0,0,0,0,0,0,0,31,18,18,12,13,11,14,34,26,23,20,47,0,115,1,3,1 - Francis,2,1,100,0,2,2,27,2,Yes,2,4,58,68,96,1,29,34,96,0,0,0,0,0,0,0,0,0,0,0,0,0,0,0,0,0,0,0,0,0,0,0,0,0,0,0,0,0,0,0,0,0,0,0,0,0,0,0,0,0,0,0,0,0,0,0,0,0,0,0,0,0,0,0,0,0,0,0,0,0,0,0,0,0,0,0,0,0,0,0,0,0,0,0,0,0,0,0,0,0,0,0,0,0,0,0,113,0,0,0,0,0,0,0,0,0,0,0,0,0,0,0,0,0,0,0,0,0,0,0,0,0,0,0,0,0,42824,                                           ,0,D
312,B. COQUEIROS,1 - Sudeste,121 -    _x000C_CHAVANTES   ,248,0,313 - ITAGUACU    ,0 - NÃO HÁ,348,300,448,446,300,300,418,0,0,0,0,1267730,-11319,38,0,0,12,7,22,42,64,70,68,68,67,20,6,25,0,410,2,2,2 - Kaplan/Propeller,1,1,100,0,2,0,56,2,Yes,2,2,45,139,36,0,0,0,0,0,0,0,0,0,0,0,0,0,0,0,0,0,0,0,0,0,0,0,0,0,0,0,0,0,0,0,0,0,0,0,0,0,0,0,0,0,0,0,0,0,0,0,0,0,0,0,0,0,0,0,0,0,0,0,0,0,0,0,0,0,0,0,0,0,0,0,0,0,0,0,0,0,0,0,0,0,0,0,0,0,0,0,0,0,0,0,409,0,0,0,0,0,0,0,0,0,0,0,0,0,0,0,0,0,0,0,0,0,0,0,0,0,0,0,0,0,42824,                                           ,348,D
313,ITAGUACU    ,1 - Sudeste,51 - Externas SE,313,0,315 - FOZ R. CLARO,0 - NÃO HÁ,1794,1794,412,412,1794,1794,412,0,0,0,0,122,0,0,0,0,12,11,25,45,66,71,67,66,63,21,5,26,0,353,3,8,1 - Francis,1,1,100,0,2,1,61,2,Yes,2,2,65,128,56,0,0,0,0,0,0,0,0,0,0,0,0,0,0,0,0,0,0,0,0,0,0,0,0,0,0,0,0,0,0,0,0,0,0,0,0,0,0,0,0,0,0,0,0,0,0,0,0,0,0,0,0,0,0,0,0,0,0,0,0,0,0,0,0,0,0,0,0,0,0,0,0,0,0,0,0,0,0,0,0,0,0,0,0,0,0,0,0,0,0,0,351,0,0,0,0,0,0,0,0,0,0,0,0,0,0,0,0,0,0,0,0,0,0,0,0,0,0,0,0,0,42824,                                           ,1794,D
314,PIMENTAL    ,4 - Norte,37 - Eletronorte,288,18900090,0 - NÃO HÁ,0 - NÃO HÁ,4802,4802,97,97,4802,4802,77,0,0,0,0,203665,-9270,158,-1,0,0,0,0,0,0,0,0,0,0,0,0,0,0,84,2,5,2 - Kaplan/Propeller,1,1,100,0,2,0,380,5,Yes,2,6,39,411,11,0,0,0,0,0,0,0,0,0,0,0,0,0,0,0,0,0,0,0,0,0,0,0,0,0,0,0,0,0,0,0,0,0,0,0,0,0,0,0,0,0,0,0,0,0,0,0,0,0,0,0,0,0,0,0,0,0,0,0,0,0,0,0,0,0,0,0,0,0,0,0,0,0,0,0,0,0,0,0,0,0,0,0,0,0,0,0,0,0,0,0,82,0,0,0,0,0,0,0,0,0,0,0,0,0,0,0,0,0,0,0,0,0,0,0,0,0,0,0,0,0,42824,                                           ,4802,D
315,FOZ R. CLARO,1 - Sudeste,227 - ,261,0,34 - I. SOLTEIRA ,0 - NÃO HÁ,95,95,354,354,95,95,354,0,0,0,0,8,0,0,0,0,-17,0,3,53,82,76,98,120,97,36,-12,-15,0,326,0,4,2 - Kaplan/Propeller,1,1,100,0,2,1,62,2,Yes,2,2,34,149,25,0,0,0,0,0,0,0,0,0,0,0,0,0,0,0,0,0,0,0,0,0,0,0,0,0,0,0,0,0,0,0,0,0,0,0,0,0,0,0,0,0,0,0,0,0,0,0,0,0,0,0,0,0,0,0,0,0,0,0,0,0,0,0,0,0,0,0,0,0,0,0,0,0,0,0,0,0,0,0,0,0,0,0,0,0,0,0,0,0,0,0,324,0,0,0,0,0,0,0,0,0,0,0,0,0,0,0,0,0,0,0,0,0,0,0,0,0,0,0,0,0,42824,                                           ,95,D
318,FICT.STA BRA,1 - Sudeste,277 - 123_x000C_P.AFONSO 4  ,54,0,319 - FICT.MAUA   ,0 - NÃO HÁ,151,151,765,765,151,151,750,0,0,0,0,711,-3,0,0,0,-32,-13,14,42,69,77,73,61,50,10,-11,-17,0,723,0,0,2 - Kaplan/Propeller,1,1,100,0,2,1,8,2,Yes,2,0,31,87,40,0,0,0,0,0,0,0,0,0,0,0,0,0,0,0,0,0,0,0,0,0,0,0,0,0,0,0,0,0,0,0,0,0,0,0,0,0,0,0,0,0,0,0,0,0,0,0,0,0,0,0,0,0,0,0,0,0,0,0,0,0,0,0,0,0,0,0,0,0,0,0,0,0,0,0,0,0,0,0,0,0,0,0,0,0,0,0,0,0,0,0,721,0,0,0,0,0,0,0,0,0,0,0,0,0,0,0,0,0,0,0,0,0,0,0,0,0,0,0,0,0,42824,                                           ,151,D
